ID	Description	GeneRatio	BgRatio	pvalue	p.adjust	qvalue	geneID	Count	Species	Response
GO:0071456	cellular response to hypoxia	13/1254	30/51223	8.68550880422399e-14	3.38734843364735e-11	2.69707904973271e-11	BnaAnng39350D/BnaC08g26730D/BnaC06g38190D/BnaC02g44430D/BnaC07g46730D/BnaCnng58920D/BnaA02g34440D/BnaA07g33580D/BnaA03g54240D/BnaA08g15620D/BnaA02g32090D/BnaA09g28890D/BnaA01g00640D	13	B. napus	up-regulated
GO:0009611	response to wounding	23/1254	204/51223	1.5091053856379e-09	2.20706456203802e-07	1.7573118645107e-07	BnaC04g50440D/BnaA04g26410D/BnaCnng14910D/BnaC03g25440D/BnaA06g01160D/BnaC02g21440D/BnaA02g15990D/BnaA09g26390D/BnaC07g17210D/BnaA09g10770D/BnaC06g33640D/BnaC06g34170D/BnaC08g33730D/BnaA02g33980D/BnaA03g56970D/BnaA06g36650D/BnaA03g26220D/BnaC03g59110D/BnaA05g05100D/BnaA06g13250D/BnaA08g17540D/BnaA03g04250D/BnaC05g23060D	23	B. napus	up-regulated
GO:0042542	response to hydrogen peroxide	14/1254	71/51223	1.69774197079847e-09	2.20706456203802e-07	1.7573118645107e-07	BnaC04g54510D/BnaC02g04180D/BnaA05g12530D/BnaC06g21280D/BnaA03g03740D/BnaC03g11630D/BnaA10g20610D/BnaC03g28860D/BnaC03g00160D/BnaAnng13800D/BnaC06g34170D/BnaA04g28570D/BnaC03g05240D/BnaA03g26220D	14	B. napus	up-regulated
GO:0051259	protein oligomerization	10/1254	36/51223	1.06329158293008e-08	1.03670929335683e-06	8.2545004464309e-07	BnaC04g54510D/BnaC02g04180D/BnaA05g12530D/BnaC06g21280D/BnaA03g03740D/BnaC03g11630D/BnaA10g20610D/BnaC03g28860D/BnaA04g28570D/BnaC03g05240D	10	B. napus	up-regulated
GO:0009408	response to heat	19/1254	168/51223	3.72916353582838e-08	2.90874755794613e-06	2.31600682751447e-06	BnaC04g50440D/BnaA04g26410D/BnaC04g54510D/BnaC02g04180D/BnaA05g12530D/BnaAnng00100D/BnaC03g25440D/BnaC06g21280D/BnaA09g30420D/BnaA03g03740D/BnaC03g11630D/BnaA10g20610D/BnaC03g28860D/BnaAnng13800D/BnaA04g28570D/BnaA03g56970D/BnaC03g05240D/BnaC01g17140D/BnaA05g05100D	19	B. napus	up-regulated
GO:0019725	cellular homeostasis	5/1254	10/51223	1.98449606864527e-06	0.000120730944594006	9.6128552375794e-05	BnaC04g50440D/BnaA04g26410D/BnaC03g25440D/BnaA03g56970D/BnaA05g05100D	5	B. napus	up-regulated
GO:0006032	chitin catabolic process	10/1254	61/51223	2.1669656722001e-06	0.000120730944594006	9.6128552375794e-05	BnaA05g08640D/BnaA04g25230D/BnaC05g40680D/BnaC03g24290D/BnaC04g49100D/BnaC04g49090D/BnaC03g19370D/BnaC03g37610D/BnaC03g37570D/BnaA03g56430D	10	B. napus	up-regulated
GO:0006970	response to osmotic stress	10/1254	64/51223	3.40630621055688e-06	0.000166057427764648	0.000132218464751879	BnaC03g32950D/BnaA08g18030D/BnaA09g26990D/BnaA03g27910D/BnaC07g09980D/BnaCnng64540D/BnaC01g17140D/BnaC03g75990D/BnaA07g08040D/BnaA09g24240D	10	B. napus	up-regulated
GO:0016998	cell wall macromolecule catabolic process	10/1254	71/51223	8.89604072135401e-06	0.000385495097925341	0.000306939416701688	BnaA05g08640D/BnaA04g25230D/BnaC05g40680D/BnaC03g24290D/BnaC04g49100D/BnaC04g49090D/BnaC03g19370D/BnaC03g37610D/BnaC03g37570D/BnaA03g56430D	10	B. napus	up-regulated
GO:0009696	salicylic acid metabolic process	9/1254	63/51223	2.21692802400108e-05	0.000824225578592822	0.000656265980256093	BnaC04g36020D/BnaC04g36030D/BnaA02g29950D/BnaA01g00900D/BnaA04g13760D/BnaC07g46400D/BnaC01g01910D/BnaC04g03120D/BnaA03g53710D	9	B. napus	up-regulated
GO:0005985	sucrose metabolic process	7/1254	36/51223	2.32473881141565e-05	0.000824225578592822	0.000656265980256093	BnaA09g00710D/BnaA03g08110D/BnaC03g10290D/BnaC09g37040D/BnaA10g14710D/BnaCnng23260D/BnaA03g03230D	7	B. napus	up-regulated
GO:0045087	innate immune response	10/1254	81/51223	2.90295279978885e-05	0.000943459659931377	0.000751202698190975	BnaC08g34480D/BnaC02g43390D/BnaA02g34460D/BnaA06g23840D/BnaC03g49380D/BnaC03g49390D/BnaC07g17200D/BnaA08g15620D/BnaA01g00640D/BnaA09g42050D	10	B. napus	up-regulated
GO:0051091	positive regulation of DNA binding transcription factor activity	4/1254	10/51223	6.67188128508608e-05	0.00200156438552582	0.00159368824218655	BnaA04g02720D/BnaC04g24920D/BnaUnng02910D/BnaA04g02730D	4	B. napus	up-regulated
GO:0009751	response to salicylic acid	9/1254	74/51223	8.14398399981997e-05	0.00226868125709271	0.00180637239093751	BnaC04g50440D/BnaA04g26410D/BnaC03g25440D/BnaA02g24580D/BnaC02g32420D/BnaC06g34170D/BnaA03g56970D/BnaA05g05100D/BnaA03g04250D	9	B. napus	up-regulated
GO:0009753	response to jasmonic acid	10/1254	92/51223	8.7489276466369e-05	0.00227472118812559	0.00181118151281255	BnaA02g15990D/BnaA09g26390D/BnaC06g33640D/BnaC08g33730D/BnaC03g59110D/BnaC06g00050D/BnaA06g13250D/BnaA08g17540D/BnaA03g04250D/BnaC05g23060D	10	B. napus	up-regulated
GO:0009817	defense response to fungus, incompatible interaction	6/1254	34/51223	0.000159035991803669	0.00372437547186462	0.00296542716383283	BnaC01g21880D/BnaA06g01160D/BnaA01g00900D/BnaA04g13760D/BnaC01g01910D/BnaA02g21660D	6	B. napus	up-regulated
GO:0009877	nodulation	5/1254	22/51223	0.000162344571850509	0.00372437547186462	0.00296542716383283	BnaC06g38190D/BnaCnng58920D/BnaA02g34440D/BnaA07g33580D/BnaA02g32090D	5	B. napus	up-regulated
GO:2000022	regulation of jasmonic acid mediated signaling pathway	9/1254	82/51223	0.000181436717647615	0.003931128882365	0.0031300486377805	BnaA02g15990D/BnaA09g26390D/BnaC06g33640D/BnaA02g23720D/BnaC03g59110D/BnaA06g13250D/BnaA08g17540D/BnaA03g04250D/BnaC05g23060D	9	B. napus	up-regulated
GO:0010017	red or far-red light signaling pathway	5/1254	26/51223	0.000373893334260689	0.00767465265061414	0.00611072208348494	BnaC03g32950D/BnaA03g27910D/BnaC03g20950D/BnaC04g45590D/BnaA03g17520D	5	B. napus	up-regulated
GO:0009694	jasmonic acid metabolic process	8/1254	75/51223	0.000499048150519009	0.00973143893512067	0.00774837917911093	BnaC04g36020D/BnaC04g36030D/BnaA02g29950D/BnaA01g00900D/BnaA04g13760D/BnaC07g46400D/BnaC01g01910D/BnaA03g53710D	8	B. napus	up-regulated
GO:0009627	systemic acquired resistance	9/1254	96/51223	0.000592485990575719	0.0104632065801007	0.00833102818118681	BnaC04g36020D/BnaC04g36030D/BnaA01g00900D/BnaA02g23720D/BnaA04g13760D/BnaC07g46400D/BnaC01g01910D/BnaC02g13050D/BnaA03g53710D	9	B. napus	up-regulated
GO:0098869	cellular oxidant detoxification	23/1254	439/51223	0.000612432590553512	0.0104632065801007	0.00833102818118681	BnaA10g29690D/BnaA08g10870D/BnaC03g65530D/BnaA02g35980D/BnaA10g15320D/BnaA09g53760D/BnaC01g17990D/BnaC07g26270D/BnaA02g02520D/BnaC06g12560D/BnaC05g49640D/BnaCnng14900D/BnaA01g15230D/BnaA06g15780D/BnaA03g47120D/BnaC07g01030D/BnaAnng22270D/BnaC05g48800D/BnaCnng46860D/BnaCnng42100D/BnaA06g15800D/BnaA02g04550D/BnaA07g12740D	23	B. napus	up-regulated
GO:0042742	defense response to bacterium	11/1254	138/51223	0.000617060900877735	0.0104632065801007	0.00833102818118681	BnaC03g24040D/BnaC03g33900D/BnaA06g01130D/BnaA02g23720D/BnaC06g34170D/BnaC03g33890D/BnaA02g33980D/BnaA03g38470D/BnaA03g28780D/BnaC03g33880D/BnaA03g28770D	11	B. napus	up-regulated
GO:0009058	biosynthetic process	18/1254	309/51223	0.000699027340047778	0.0113591942757764	0.00904443268921467	BnaA04g15750D/BnaC08g17310D/BnaC02g22590D/BnaC04g45200D/BnaC08g27940D/BnaA09g41170D/BnaC08g33730D/BnaC01g23420D/BnaC06g11420D/BnaC01g10020D/BnaA08g23190D/BnaA01g08470D/BnaAnng22050D/BnaA09g36360D/BnaCnng43090D/BnaC08g49010D/BnaC04g39030D/BnaC06g22820D	18	B. napus	up-regulated
GO:0006952	defense response	23/1254	448/51223	0.000804681768875042	0.0125530355944506	0.00999499460286894	BnaC04g50440D/BnaA04g26410D/BnaA02g13850D/BnaA08g13710D/BnaC08g13060D/BnaA03g60240D/BnaC03g25440D/BnaAnng39520D/BnaC07g41320D/BnaC01g09990D/BnaA02g15990D/BnaA09g26390D/BnaC06g33640D/BnaA05g03390D/BnaA03g56970D/BnaC06g22120D/BnaC03g59110D/BnaA05g05100D/BnaC01g44930D/BnaA06g13250D/BnaA08g17540D/BnaA03g04250D/BnaC05g23060D	23	B. napus	up-regulated
GO:0010252	auxin homeostasis	7/1254	64/51223	0.000955464752367857	0.0143319712855179	0.0114114211315189	BnaC02g45080D/BnaA01g00580D/BnaC01g01570D/BnaCnng39150D/BnaA02g34870D/BnaAnng25610D/BnaC09g09390D	7	B. napus	up-regulated
GO:0009651	response to salt stress	21/1254	400/51223	0.00100674120380628	0.0143846317444937	0.0114533505118101	BnaC01g21880D/BnaC04g54510D/BnaC02g04180D/BnaA05g12530D/BnaAnng00100D/BnaC06g21280D/BnaA03g03740D/BnaC03g11630D/BnaA10g20610D/BnaC03g28860D/BnaC06g34170D/BnaA04g28570D/BnaA06g15780D/BnaC03g05240D/BnaA03g26220D/BnaA01g03820D/BnaCnng75020D/BnaA02g21660D/BnaC03g68480D/BnaC06g00050D/BnaA02g29540D	21	B. napus	up-regulated
GO:0034605	cellular response to heat	4/1254	19/51223	0.00103274279191237	0.0143846317444937	0.0114533505118101	BnaC01g38510D/BnaA01g30490D/BnaCnng75020D/BnaC03g37680D	4	B. napus	up-regulated
GO:0006541	glutamine metabolic process	9/1254	105/51223	0.00113042699461747	0.0152022940655453	0.0121043906864665	BnaA07g37550D/BnaA07g37540D/BnaC03g77460D/BnaA08g13020D/BnaA09g41770D/BnaC01g07810D/BnaC06g12280D/BnaCnng04780D/BnaA01g06540D	9	B. napus	up-regulated
GO:0006811	ion transport	7/1254	69/51223	0.0014935516169949	0.0177115461763724	0.0141023107207284	BnaA05g13030D/BnaA06g30230D/BnaC04g15320D/BnaA02g00890D/BnaA09g02950D/BnaC07g26470D/BnaCnng20160D	7	B. napus	up-regulated
GO:0035235	ionotropic glutamate receptor signaling pathway	7/1254	69/51223	0.0014935516169949	0.0177115461763724	0.0141023107207284	BnaA05g13030D/BnaA06g30230D/BnaC04g15320D/BnaA02g00890D/BnaA09g02950D/BnaC07g26470D/BnaCnng20160D	7	B. napus	up-regulated
GO:0006995	cellular response to nitrogen starvation	6/1254	51/51223	0.00149652008925185	0.0177115461763724	0.0141023107207284	BnaA08g18030D/BnaA09g26990D/BnaC07g09980D/BnaCnng64540D/BnaC03g75990D/BnaA07g08040D	6	B. napus	up-regulated
GO:0040009	regulation of growth rate	3/1254	10/51223	0.00154408351281196	0.0177115461763724	0.0141023107207284	BnaC02g45080D/BnaA02g34870D/BnaC09g09390D	3	B. napus	up-regulated
GO:0051085	chaperone mediated protein folding requiring cofactor	3/1254	10/51223	0.00154408351281196	0.0177115461763724	0.0141023107207284	BnaC01g38510D/BnaA01g30490D/BnaC03g37680D	3	B. napus	up-regulated
GO:0080167	response to karrikin	11/1254	157/51223	0.00176802918635635	0.0197008966479708	0.0156862739842142	BnaA04g13980D/BnaA06g19800D/BnaA06g01160D/BnaC07g26560D/BnaC07g46480D/BnaC08g23610D/BnaCnng03560D/BnaA08g15620D/BnaC03g53780D/BnaA01g00640D/BnaC06g31430D	11	B. napus	up-regulated
GO:0006598	polyamine catabolic process	3/1254	11/51223	0.00208456221308916	0.0225827573084658	0.0179808728906813	BnaA05g34380D/BnaA04g24770D/BnaC04g48640D	3	B. napus	up-regulated
GO:0098655	cation transmembrane transport	6/1254	57/51223	0.00266435578198403	0.027431513229533	0.021841555742813	BnaC03g28940D/BnaA03g24340D/BnaA04g28640D/BnaC04g40510D/BnaC08g38410D/BnaC06g38390D	6	B. napus	up-regulated
GO:0031347	regulation of defense response	8/1254	97/51223	0.00267281410954424	0.027431513229533	0.021841555742813	BnaA02g15990D/BnaA09g26390D/BnaC06g33640D/BnaC03g59110D/BnaA06g13250D/BnaA08g17540D/BnaA03g04250D/BnaC05g23060D	8	B. napus	up-regulated
GO:0031348	negative regulation of defense response	5/1254	40/51223	0.00281950303457734	0.0275271962619441	0.0219177406134237	BnaC04g50440D/BnaA04g26410D/BnaC03g25440D/BnaA03g56970D/BnaA05g05100D	5	B. napus	up-regulated
GO:0006012	galactose metabolic process	6/1254	58/51223	0.0029112164497922	0.0275271962619441	0.0219177406134237	BnaA01g10650D/BnaA01g13540D/BnaC01g12180D/BnaC01g15760D/BnaC04g00330D/BnaA05g00720D	6	B. napus	up-regulated
GO:0042744	hydrogen peroxide catabolic process	15/1254	270/51223	0.00294680986749089	0.0275271962619441	0.0219177406134237	BnaA10g29690D/BnaA08g10870D/BnaC03g65530D/BnaA10g15320D/BnaA09g53760D/BnaC01g17990D/BnaA02g02520D/BnaC06g12560D/BnaC05g49640D/BnaCnng14900D/BnaA01g15230D/BnaAnng22270D/BnaCnng46860D/BnaA02g04550D/BnaA07g12740D	15	B. napus	up-regulated
GO:0008643	carbohydrate transport	13/1254	218/51223	0.002990054148818	0.0275271962619441	0.0219177406134237	BnaC06g28380D/BnaA05g31800D/BnaC05g46390D/BnaC09g03670D/BnaA07g26310D/BnaAnng33700D/BnaA09g04260D/BnaA01g29190D/BnaC01g36600D/BnaCnng33350D/BnaC05g06490D/BnaCnng06500D/BnaA03g45680D	13	B. napus	up-regulated
GO:0006979	response to oxidative stress	23/1254	497/51223	0.00303504984426563	0.0275271962619441	0.0219177406134237	BnaA10g29690D/BnaA08g10870D/BnaC03g65530D/BnaA10g15320D/BnaA09g53760D/BnaAnng00100D/BnaC01g17990D/BnaC06g36030D/BnaA09g44360D/BnaA02g02520D/BnaC08g36910D/BnaC06g12560D/BnaC05g49640D/BnaCnng14900D/BnaA01g15230D/BnaC07g01030D/BnaA06g13200D/BnaC05g14690D/BnaAnng22270D/BnaC05g48800D/BnaCnng46860D/BnaA02g04550D/BnaA07g12740D	23	B. napus	up-regulated
GO:0006428	isoleucyl-tRNA aminoacylation	3/1254	13/51223	0.00348345730749292	0.0308760988618691	0.024584208270584	BnaC07g37200D/BnaC07g37210D/BnaC07g37220D	3	B. napus	up-regulated
GO:0006536	glutamate metabolic process	4/1254	27/51223	0.00400371958933047	0.0330888644733564	0.0263460594322271	BnaC09g52280D/BnaC02g34260D/BnaA09g18890D/BnaA02g26140D	4	B. napus	up-regulated
GO:0009809	lignin biosynthetic process	4/1254	27/51223	0.00400371958933047	0.0330888644733564	0.0263460594322271	BnaA01g02890D/BnaC03g05850D/BnaC01g04160D/BnaA03g04310D	4	B. napus	up-regulated
GO:0071669	plant-type cell wall organization or biogenesis	4/1254	27/51223	0.00400371958933047	0.0330888644733564	0.0263460594322271	BnaC05g48410D/BnaC03g32850D/BnaAnng16810D/BnaA03g27800D	4	B. napus	up-regulated
GO:0010204	defense response signaling pathway, resistance gene-independent	6/1254	62/51223	0.00407247562749002	0.0330888644733564	0.0263460594322271	BnaC03g35140D/BnaA06g30050D/BnaA09g03110D/BnaC07g26660D/BnaC09g02520D/BnaC03g68480D	6	B. napus	up-regulated
GO:0006101	citrate metabolic process	3/1254	14/51223	0.00435329493864613	0.0346486740014692	0.0275880130376071	BnaA03g20770D/BnaC03g24820D/BnaAnng22230D	3	B. napus	up-regulated
GO:0070084	protein initiator methionine removal	4/1254	28/51223	0.00458159990758181	0.0357364792791381	0.0284541467944555	BnaA08g15530D/BnaCnng40020D/BnaC03g24720D/BnaA03g20690D	4	B. napus	up-regulated
GO:0006855	drug transmembrane transport	13/1254	233/51223	0.00522489588866922	0.0385906039779339	0.0307266617368165	BnaC02g15390D/BnaC04g10860D/BnaC06g32260D/BnaC07g37810D/BnaA03g45690D/BnaA05g09500D/BnaA05g19560D/BnaC07g44890D/BnaC02g15080D/BnaA01g11760D/BnaA01g34310D/BnaCnng45550D/BnaC01g39510D	13	B. napus	up-regulated
GO:0009699	phenylpropanoid biosynthetic process	3/1254	15/51223	0.00534331439694469	0.0385906039779339	0.0307266617368165	BnaA09g24650D/BnaA09g53990D/BnaC05g24220D	3	B. napus	up-regulated
GO:0010264	myo-inositol hexakisphosphate biosynthetic process	3/1254	15/51223	0.00534331439694469	0.0385906039779339	0.0307266617368165	BnaA02g06110D/BnaC09g35980D/BnaA10g13560D	3	B. napus	up-regulated
GO:0033617	mitochondrial respiratory chain complex IV assembly	3/1254	15/51223	0.00534331439694469	0.0385906039779339	0.0307266617368165	BnaA06g28580D/BnaA02g31290D/BnaC02g39850D	3	B. napus	up-regulated
GO:0009617	response to bacterium	5/1254	48/51223	0.00625063362621542	0.044322674804073	0.0352906587508813	BnaC02g21440D/BnaC03g00160D/BnaC02g37620D/BnaA06g13250D/BnaA02g29540D	5	B. napus	up-regulated
GO:0009806	lignan metabolic process	3/1254	16/51223	0.00645773767091228	0.0449735302081391	0.0358088837014873	BnaA09g24650D/BnaA09g53990D/BnaC05g24220D	3	B. napus	up-regulated
GO:0071456	cellular response to hypoxia	19/1623	26/53708	6.47648721017816e-24	2.85613085968857e-21	2.24972713616715e-21	Bo3g153330/BraA02g041760.3C/Bo2g158890/BraA08g021610.3C/Bo7g118700/Bo8g090210/Bo3g042350/Bo2g031360/BraA01g001570.3C/BraA03g060980.3C/BraA02g012250.3C/Bo3g100810/BraA06g028300.3C/Bo6g121350/Bo5g042850/BraA02g044830.3C/Bo2g166460/Bo5g007070/BraA07g040870.3C	19	B. napus (syn)	up-regulated
GO:0009753	response to jasmonic acid	25/1623	106/53708	1.03221659408311e-15	2.27603758995326e-13	1.79279724235488e-13	Bo3g147730/Bo2g076750/Bo3g147640/Bo6g010420/BraA10g006500.3C/Bo9g168900/Bo5g027170/Bo3g009050/BraA08g023500.3C/BraA09g034900.3C/BraA02g021020.3C/BraA10g025540.3C/BraA09g025190.3C/BraA03g005650.3C/Bo6g003330/Bo9g042310/Bo8g102890/Bo2g011150/Bo6g088090/BraA08g029290.3C/Bo8g067140/Bo5g062450/Bo3g061810/Bo9g174170/Bo2g116210	25	B. napus (syn)	up-regulated
GO:0000162	tryptophan biosynthetic process	16/1623	38/53708	5.34077521476573e-15	7.85093956570563e-13	6.18405551183401e-13	Bo9g176940/BraA03g053470.3C/BraA09g045470.3C/Bo7g111250/BraA10g012880.3C/Bo3g003470/Bo8g084800/BraA03g002200.3C/Bo9g118850/Bo8g024390/Bo8g061190/BraA08g031560.3C/BraA10g028500.3C/Bo9g158580/BraA02g007380.3C/BraA10g022130.3C	16	B. napus (syn)	up-regulated
GO:0006952	defense response	47/1623	417/53708	1.45163028175129e-14	1.60042238563079e-12	1.26062629731033e-12	Bo2g086460/Bo3g147730/Bo8g102110/BraA01g029180.3C/BraA01g009030.3C/BraA05g003660.3C/Bo1g017480/Bo1g139780/Bo4g086790/BraA08g019000.3C/Bo8g102800/Bo3g064620/BraA03g065010.3C/Bo8g054330/Bo2g057900/Bo7g113130/Bo2g076750/BraA02g018370.3C/Bo3g147640/Bo2g137050/Bo9g168900/Bo5g027170/Bo1g098200/Bo3g009050/BraA08g023500.3C/BraA09g016310.3C/BraA09g034900.3C/BraA02g021020.3C/BraA03g054480.3C/Bo9g042030/BraA10g025540.3C/BraA04g031720.3C/Bo8g068450/Bo4g024960/BraA03g005650.3C/Bo4g020880/BraA05g003650.3C/Bo8g102890/Bo4g019850/Bo2g011150/BraA08g029290.3C/Bo8g067140/Bo5g062450/BraA03g033740.3C/Bo1g102210/Bo5g027350/BraA05g005450.3C	47	B. napus (syn)	up-regulated
GO:0009611	response to wounding	33/1623	229/53708	1.30055140789061e-13	1.14708634175952e-11	9.03540978113475e-12	Bo3g147730/Bo7g031130/Bo2g076750/Bo3g147640/Bo1g128570/Bo9g168900/Bo5g027170/Bo3g009050/Bo2g076880/BraA08g023500.3C/BraA09g034900.3C/BraA02g021020.3C/Bo9g028840/BraA09g023190.3C/BraA10g025540.3C/BraA05g022810.3C/BraA04g031720.3C/Bo4g024960/BraA03g005650.3C/BraA06g043680.3C/BraA09g032290.3C/Bo9g042310/Bo8g102890/Bo2g011150/Bo6g088090/BraA08g029290.3C/Bo8g067140/Bo5g062450/Bo6g116550/Bo1g042910/BraA05g005450.3C/Bo9g174170/Bo2g116210	33	B. napus (syn)	up-regulated
GO:0000103	sulfate assimilation	13/1623	31/53708	2.0761132755558e-12	1.52594325753351e-10	1.20196031742704e-10	BraA01g000790.3C/Bo1g002960/BraA08g022030.3C/Bo3g088400/BraA03g042630.3C/BraA05g024300.3C/BraA01g022010.3C/Bo3g152770/Bo9g022580/Bo5g093400/Bo7g118850/BraA03g040590.3C/BraA03g061240.3C	13	B. napus (syn)	up-regulated
GO:0006979	response to oxidative stress	45/1623	498/53708	1.03976735236767e-10	6.55053431991633e-09	5.15974776362904e-09	BraA02g008550.3C/Bo8g102950/Bo7g031130/BraA09g029360.3C/Bo5g019760/BraA09g056910.3C/Bo8g106740/Bo5g155180/BraA02g001710.3C/BraA02g005900.3C/BraA10g020520.3C/Bo8g077570/Bo9g083210/BraA09g026940.3C/Bo2g018450/BraA05g040640.3C/BraA07g019900.3C/BraA09g055380.3C/Bo6g122020/Bo2g006940/Bo5g146580/Bo2g012430/BraA06g010710.3C/Bo6g062170/BraA10g020510.3C/BraA07g041540.3C/Bo7g065070/Bo1g040700/Bo8g004490/Bo6g113130/BraA06g027600.3C/BraA07g026600.3C/Bo6g081600/Bo7g110650/Bo8g051550/BraA06g014690.3C/Bo7g114270/BraA04g027200.3C/Bo2g028580/BraA09g059310.3C/Bo5g027030/Bo9g152270/BraA02g011630.3C/BraA01g023890.3C/BraA02g024680.3C	45	B. napus (syn)	up-regulated
GO:0006541	glutamine metabolic process	19/1623	100/53708	1.55632762416436e-10	8.57925602820603e-09	6.75773836808208e-09	Bo3g175530/BraA07g019430.3C/Bo4g125910/BraA08g018030.3C/Bo3g139920/Bo5g127540/BraA08g025300.3C/BraA09g058910.3C/BraA05g032080.3C/Bo8g100210/Bo5g020510/BraA06g019700.3C/Bo3g134300/BraA06g011140.3C/BraA09g054050.3C/Bo5g043620/Bo1g012070/Bo3g134320/Bo8g106270	19	B. napus (syn)	up-regulated
GO:0070814	hydrogen sulfide biosynthetic process	9/1623	16/53708	1.94214490779328e-10	9.51651004818706e-09	7.49599788972844e-09	BraA01g000790.3C/Bo1g002960/BraA08g022030.3C/Bo3g088400/BraA03g042630.3C/Bo3g152770/Bo9g022580/Bo7g118850/BraA03g061240.3C	9	B. napus (syn)	up-regulated
GO:0098869	cellular oxidant detoxification	39/1623	423/53708	1.01084297399097e-09	4.45781751530019e-08	3.51134927807391e-08	BraA02g008550.3C/BraA09g029360.3C/Bo4g119790/Bo5g019760/Bo8g106740/Bo5g155180/BraA02g001710.3C/BraA02g005900.3C/Bo7g088940/BraA10g020520.3C/Bo8g077570/Bo9g083210/BraA09g026940.3C/Bo2g018450/BraA05g040640.3C/BraA07g019900.3C/Bo2g006940/Bo5g146580/Bo2g012430/BraA06g010710.3C/Bo6g062170/BraA10g020510.3C/Bo7g065070/Bo1g040700/Bo8g004490/Bo6g113130/BraA06g027600.3C/Bo7g110650/Bo7g114270/Bo6g051240/BraA04g027200.3C/Bo2g028580/BraA09g059310.3C/BraA06g017590.3C/Bo3g023910/Bo9g152270/Bo8g077870/BraA02g011630.3C/BraA01g023890.3C	39	B. napus (syn)	up-regulated
GO:2000022	regulation of jasmonic acid mediated signaling pathway	17/1623	89/53708	1.30445405682297e-09	5.22967490053574e-08	4.1193286004936e-08	Bo3g147730/Bo2g076750/Bo3g147640/Bo9g168900/Bo5g027170/Bo3g009050/BraA08g023500.3C/BraA09g034900.3C/BraA02g021020.3C/BraA10g025540.3C/BraA03g005650.3C/Bo8g102890/Bo2g011150/BraA08g029290.3C/Bo8g067140/Bo5g062450/Bo1g042910	17	B. napus (syn)	up-regulated
GO:0045087	innate immune response	16/1623	79/53708	1.61219431867975e-09	5.92481412114808e-08	4.66687829091507e-08	Bo3g100750/Bo3g100790/BraA06g028330.3C/Bo7g065550/Bo1g004880/BraA03g060630.3C/BraA01g001570.3C/Bo2g166480/Bo3g034390/BraA02g044850.3C/Bo7g118460/BraA04g017100.3C/BraA09g032510.3C/BraA09g054300.3C/Bo8g100520/Bo4g151400	16	B. napus (syn)	up-regulated
GO:0042744	hydrogen peroxide catabolic process	29/1623	260/53708	1.95177910480231e-09	6.62103527090628e-08	5.21528019906689e-08	BraA02g008550.3C/BraA09g029360.3C/Bo5g019760/Bo8g106740/BraA02g001710.3C/BraA02g005900.3C/BraA10g020520.3C/Bo8g077570/Bo9g083210/Bo2g018450/BraA07g019900.3C/Bo2g006940/Bo2g012430/BraA06g010710.3C/Bo6g062170/BraA10g020510.3C/Bo7g065070/Bo1g040700/Bo8g004490/Bo6g113130/BraA06g027600.3C/Bo7g110650/Bo7g114270/BraA04g027200.3C/Bo2g028580/BraA09g059310.3C/Bo9g152270/BraA02g011630.3C/BraA01g023890.3C	29	B. napus (syn)	up-regulated
GO:0031347	regulation of defense response	16/1623	95/53708	2.61980088096631e-08	8.25237277504389e-07	6.50025782495401e-07	Bo3g147730/Bo2g076750/Bo3g147640/Bo9g168900/Bo5g027170/Bo3g009050/BraA08g023500.3C/BraA09g034900.3C/BraA02g021020.3C/BraA10g025540.3C/BraA03g005650.3C/Bo8g102890/Bo2g011150/BraA08g029290.3C/Bo8g067140/Bo5g062450	16	B. napus (syn)	up-regulated
GO:0006032	chitin catabolic process	13/1623	63/53708	4.28701416231622e-08	1.26038216372097e-06	9.92782227062703e-07	Bo3g028270/Bo5g003080/BraA05g034520.3C/Bo4g038660/Bo5g133420/BraA03g022860.3C/Bo3g036660/BraA03g018400.3C/Bo4g020920/BraA05g003680.3C/BraA10g001120.3C/BraA04g030190.3C/BraA04g030200.3C	13	B. napus (syn)	up-regulated
GO:0009877	nodulation	8/1623	20/53708	6.22689704761572e-08	1.71628849874908e-06	1.35189212217973e-06	BraA02g041760.3C/Bo2g158890/Bo3g100810/BraA06g028300.3C/Bo6g121350/BraA02g044830.3C/Bo2g166460/BraA07g040870.3C	8	B. napus (syn)	up-regulated
GO:0016998	cell wall macromolecule catabolic process	13/1623	71/53708	1.90170229401035e-07	4.93323948034449e-06	3.88583131283848e-06	Bo3g028270/Bo5g003080/BraA05g034520.3C/Bo4g038660/Bo5g133420/BraA03g022860.3C/Bo3g036660/BraA03g018400.3C/Bo4g020920/BraA05g003680.3C/BraA10g001120.3C/BraA04g030190.3C/BraA04g030200.3C	13	B. napus (syn)	up-regulated
GO:0019419	sulfate reduction	6/1623	11/53708	3.05988047943867e-07	7.49670717462473e-06	5.90503250417988e-06	Bo1g025830/Bo9g077960/Bo7g107770/BraA09g025690.3C/BraA03g049900.3C/BraA01g012700.3C	6	B. napus (syn)	up-regulated
GO:2000280	regulation of root development	11/1623	59/53708	1.3699471023926e-06	3.1797193271323e-05	2.50461243096709e-05	Bo3g143920/Bo7g045550/Bo1g004880/Bo5g058620/BraA03g060630.3C/BraA01g001570.3C/Bo7g118460/BraA04g017100.3C/BraA09g054300.3C/Bo8g100520/Bo4g151400	11	B. napus (syn)	up-regulated
GO:0010200	response to chitin	17/1623	145/53708	2.05793359396308e-06	4.53774357468859e-05	3.57430571583061e-05	Bo4g143870/Bo3g147730/Bo4g036170/Bo4g185810/Bo2g052700/Bo7g016300/Bo3g092220/Bo3g101050/Bo3g147640/Bo1g128570/BraA08g023500.3C/BraA05g030870.3C/BraA09g034900.3C/BraA03g037460.3C/Bo5g126220/Bo1g017580/Bo5g062450	17	B. napus (syn)	up-regulated
GO:0009751	response to salicylic acid	13/1623	89/53708	2.78211726392651e-06	5.84244625424568e-05	4.60199848168296e-05	Bo9g168900/Bo3g009050/BraA10g025540.3C/BraA09g025190.3C/BraA04g031720.3C/Bo4g024960/BraA03g005650.3C/Bo2g011150/Bo6g116550/Bo2g130210/BraA02g032940.3C/BraA05g005450.3C/Bo9g174170	13	B. napus (syn)	up-regulated
GO:0006564	L-serine biosynthetic process	6/1623	17/53708	7.01115391533202e-06	0.000140541767120974	0.000110702430242084	BraA03g058690.3C/Bo1g007550/Bo7g116730/BraA08g020750.3C/Bo3g155620/BraA01g004070.3C	6	B. napus (syn)	up-regulated
GO:0006855	drug transmembrane transport	15/1623	127/53708	7.36621511761089e-06	0.000141239168124626	0.000111251761501675	BraA01g030520.3C/BraA03g050650.3C/BraA07g007650.3C/BraA07g007640.3C/BraA06g028840.3C/BraA07g035780.3C/BraA08g031490.3C/BraA03g041630.3C/BraA06g022370.3C/BraA07g032370.3C/BraA05g025460.3C/BraA05g025450.3C/BraA06g011220.3C/BraA01g013660.3C/BraA06g038210.3C	15	B. napus (syn)	up-regulated
GO:0048544	recognition of pollen	20/1623	219/53708	1.29612122184235e-05	0.000238162274513532	0.000187596492635077	Bo1g024120/BraA08g031720.3C/Bo8g059880/Bo5g126480/Bo4g086730/Bo2g167920/Bo1g098290/Bo6g122350/BraA07g041880.3C/BraA10g012090.3C/BraA01g029330.3C/Bo1g034420/Bo1g098140/BraA01g012100.3C/BraA07g041930.3C/BraA01g029080.3C/Bo6g122360/BraA09g061090.3C/Bo7g108670/Bo5g126490	20	B. napus (syn)	up-regulated
GO:0009695	jasmonic acid biosynthetic process	6/1623	19/53708	1.45923345317654e-05	0.000257408781140342	0.000202756648230846	Bo9g075840/BraA09g024530.3C/BraA03g042180.3C/Bo3g086880/Bo9g075870/Bo2g116210	6	B. napus (syn)	up-regulated
GO:0006750	glutathione biosynthetic process	5/1623	13/53708	2.63185182947923e-05	0.000414516663142979	0.000326507933732386	Bo7g093510/Bo1g033120/BraA01g013720.3C/BraA06g034080.3C/BraA09g004950.3C	5	B. napus (syn)	up-regulated
GO:0019249	lactate biosynthetic process	5/1623	13/53708	2.63185182947923e-05	0.000414516663142979	0.000326507933732386	Bo4g125910/BraA04g014130.3C/Bo5g127540/Bo4g142280/BraA05g032080.3C	5	B. napus (syn)	up-regulated
GO:0061727	methylglyoxal catabolic process to lactate	5/1623	13/53708	2.63185182947923e-05	0.000414516663142979	0.000326507933732386	Bo4g125910/BraA04g014130.3C/Bo5g127540/Bo4g142280/BraA05g032080.3C	5	B. napus (syn)	up-regulated
GO:0009696	salicylic acid metabolic process	9/1623	55/53708	3.73403921885577e-05	0.000567831481212205	0.000447271485380183	Bo5g116760/BraA02g038880.3C/Bo2g149270/Bo4g151700/Bo2g149200/Bo2g149210/BraA05g028280.3C/Bo4g151690/Bo4g021070	9	B. napus (syn)	up-regulated
GO:0080167	response to karrikin	16/1623	166/53708	4.81726676082865e-05	0.000708138213841812	0.000557788782832791	Bo4g078620/BraA07g012690.3C/BraA06g044080.3C/Bo1g004880/Bo3g091770/BraA03g060630.3C/BraA01g001570.3C/BraA02g019770.3C/Bo1g128570/Bo7g016220/BraA08g016300.3C/Bo7g118460/Bo7g118510/Bo2g068150/Bo3g028590/Bo8g080780	16	B. napus (syn)	up-regulated
GO:0042908	xenobiotic transport	13/1623	116/53708	5.13398719211065e-05	0.000730351081200258	0.000575285491815455	Bo5g098840/Bo6g112740/Bo7g108410/Bo5g098850/Bo3g099260/Bo1g033050/Bo2g047620/Bo2g048110/Bo3g084090/Bo7g030980/Bo3g027720/Bo8g061250/Bo7g082750	13	B. napus (syn)	up-regulated
GO:0009806	lignan metabolic process	5/1623	15/53708	5.83836935785732e-05	0.000781721306668621	0.000615748970523082	BraA07g038900.3C/Bo2g083660/BraA02g022690.3C/BraA09g033060.3C/Bo5g048560	5	B. napus (syn)	up-regulated
GO:0006520	cellular amino acid metabolic process	14/1623	134/53708	5.84961521996927e-05	0.000781721306668621	0.000615748970523082	Bo3g004350/BraA03g002960.3C/BraA04g022190.3C/Bo2g008640/BraA02g002350.3C/Bo7g003330/BraA07g000220.3C/Bo1g017510/BraA01g009060.3C/BraA03g025500.3C/Bo3g041960/Bo5g009130/BraA06g005750.3C/BraA09g053440.3C	14	B. napus (syn)	up-regulated
GO:0046686	response to cadmium ion	17/1623	191/53708	7.74110894916737e-05	0.001004067366642	0.000790887292020195	Bo1g144640/Bo4g125910/BraA07g038900.3C/Bo3g101500/BraA03g005720.3C/BraA06g027690.3C/BraA06g018050.3C/BraA06g004570.3C/Bo3g042350/Bo2g083660/Bo5g133420/BraA02g022690.3C/Bo1g108930/Bo9g075890/Bo8g051550/Bo3g035750/Bo3g023740	17	B. napus (syn)	up-regulated
GO:0033554	cellular response to stress	4/1623	10/53708	0.000150774969574296	0.00189976461663613	0.0014964132318652	BraA04g017100.3C/BraA09g054300.3C/Bo8g100520/Bo4g151400	4	B. napus (syn)	up-regulated
GO:0009694	jasmonic acid metabolic process	9/1623	68/53708	0.000203749324964347	0.00249592923081325	0.00196600225842791	Bo5g116760/BraA02g038880.3C/Bo2g149270/Bo4g151700/Bo2g149200/Bo2g149210/BraA05g028280.3C/Bo4g151690/Bo6g003330	9	B. napus (syn)	up-regulated
GO:0009628	response to abiotic stimulus	4/1623	11/53708	0.000231253160181711	0.00268375378000354	0.00211394855567769	BraA04g017100.3C/BraA09g054300.3C/Bo8g100520/Bo4g151400	4	B. napus (syn)	up-regulated
GO:0019510	S-adenosylhomocysteine catabolic process	4/1623	11/53708	0.000231253160181711	0.00268375378000354	0.00211394855567769	Bo3g081910/BraA03g040880.3C/BraA07g009290.3C/Bo7g039010	4	B. napus (syn)	up-regulated
GO:0009809	lignin biosynthetic process	6/1623	30/53708	0.000240229421990671	0.00271644038712528	0.00213969525659707	Bo1g007510/BraA01g004030.3C/BraA03g005720.3C/Bo3g009150/Bo3g010600/Bo1g050770	6	B. napus (syn)	up-regulated
GO:0006098	pentose-phosphate shunt	9/1623	70/53708	0.00025478633964155	0.00280901939454809	0.00221261821267662	BraA10g025630.3C/Bo9g169040/BraA03g005720.3C/Bo3g009150/Bo3g010600/BraA05g041200.3C/Bo5g152690/BraA06g031750.3C/BraA01g044410.3C	9	B. napus (syn)	up-regulated
GO:0010043	response to zinc ion	6/1623	31/53708	0.0002903012208402	0.0030481628188221	0.00240098754078361	BraA06g035760.3C/BraA02g039460.3C/BraA01g035980.3C/Bo2g149730/Bo7g089110/Bo3g001360	6	B. napus (syn)	up-regulated
GO:0031408	oxylipin biosynthetic process	6/1623	31/53708	0.0002903012208402	0.0030481628188221	0.00240098754078361	Bo3g042350/BraA01g026390.3C/Bo2g076880/BraA02g021090.3C/BraA03g042180.3C/Bo3g086880	6	B. napus (syn)	up-regulated
GO:0051176	positive regulation of sulfur metabolic process	5/1623	22/53708	0.000429247773988613	0.00440228530997624	0.0034676074765298	BraA07g033110.3C/Bo6g106280/Bo6g106350/BraA02g013860.3C/Bo1g048130	5	B. napus (syn)	up-regulated
GO:0006012	galactose metabolic process	8/1623	63/53708	0.000605412468113715	0.00606788405541247	0.00477957211668723	Bo1g037320/BraA01g014620.3C/Bo3g162270/Bo1g022460/BraA03g051560.3C/BraA01g011500.3C/Bo9g028910/BraA08g014200.3C	8	B. napus (syn)	up-regulated
GO:0080028	nitrile biosynthetic process	6/1623	38/53708	0.000909128362500391	0.00890945795250383	0.00701783297368723	BraA06g035760.3C/BraA02g039460.3C/BraA01g035980.3C/Bo2g149730/Bo7g089110/Bo1g123520	6	B. napus (syn)	up-regulated
GO:0042742	defense response to bacterium	14/1623	180/53708	0.00122166663237771	0.0115022152285073	0.00906010508511135	Bo5g009310/Bo8g084800/BraA03g031840.3C/Bo3g058580/BraA03g031830.3C/Bo7g106810/BraA03g031820.3C/Bo5g041080/Bo3g058570/Bo6g088090/Bo3g087210/Bo6g116550/Bo1g042910/Bo3g036380	14	B. napus (syn)	up-regulated
GO:0006811	ion transport	8/1623	70/53708	0.00122585967287946	0.0115022152285073	0.00906010508511135	Bo9g009430/BraA09g004170.3C/BraA05g014940.3C/Bo2g010300/Bo7g089240/Bo1g152190/Bo4g065800/BraA02g039600.3C	8	B. napus (syn)	up-regulated
GO:1900067	regulation of cellular response to alkaline pH	4/1623	18/53708	0.00181075511143435	0.0166363125863031	0.0131041488327486	Bo2g076750/Bo5g027170/BraA02g021020.3C/Bo8g102890	4	B. napus (syn)	up-regulated
GO:0009094	L-phenylalanine biosynthetic process	5/1623	30/53708	0.00190138765353891	0.0171124888818502	0.0134792250411996	Bo5g015010/BraA10g018830.3C/Bo2g024140/Bo8g061390/BraA06g008370.3C	5	B. napus (syn)	up-regulated
GO:0006790	sulfur compound metabolic process	4/1623	19/53708	0.00223912039975514	0.0196381359327848	0.0154686355360281	BraA10g012500.3C/BraA06g027450.3C/Bo9g017940/BraA06g021230.3C	4	B. napus (syn)	up-regulated
GO:0006970	response to osmotic stress	8/1623	77/53708	0.00227107694460776	0.0196381359327848	0.0154686355360281	Bo3g143920/Bo7g045550/BraA09g035610.3C/Bo5g058620/Bo2g052500/BraA07g011250.3C/Bo4g137440/Bo9g101130	8	B. napus (syn)	up-regulated
GO:0010252	auxin homeostasis	7/1623	61/53708	0.0023879782949365	0.0202518928474422	0.0159520817273086	Bo7g014360/Bo9g024550/Bo2g167580/BraA02g013860.3C/BraA01g001510.3C/Bo1g004760/Bo1g048130	7	B. napus (syn)	up-regulated
GO:0052544	defense response by callose deposition in cell wall	3/1623	10/53708	0.00281837859873293	0.0234510370196457	0.0184719947881205	Bo8g084800/Bo8g024390/Bo5g041080	3	B. napus (syn)	up-regulated
GO:0008652	cellular amino acid biosynthetic process	8/1623	80/53708	0.00289078721755826	0.023562354285059	0.0185596775607339	BraA06g003460.3C/BraA03g053470.3C/BraA10g012880.3C/BraA01g000850.3C/BraA01g023540.3C/BraA08g032260.3C/BraA08g031560.3C/BraA07g034260.3C	8	B. napus (syn)	up-regulated
GO:0015976	carbon utilization	5/1623	33/53708	0.00293861561378286	0.023562354285059	0.0185596775607339	Bo6g010780/BraA07g014010.3C/BraA06g004890.3C/Bo6g010770/Bo6g010790	5	B. napus (syn)	up-regulated
GO:0009058	biosynthetic process	19/1623	310/53708	0.00309704292009718	0.0243892129957653	0.0192109805193998	BraA02g022050.3C/Bo8g067070/BraA04g022190.3C/Bo8g081550/BraA08g029330.3C/BraA09g051070.3C/BraA10g000500.3C/Bo8g096040/Bo7g003330/BraA07g000220.3C/Bo6g054720/Bo1g017510/BraA01g009060.3C/BraA03g025500.3C/Bo2g080870/Bo3g041960/BraA04g026520.3C/Bo4g186980/BraA09g053440.3C	19	B. napus (syn)	up-regulated
GO:0035235	ionotropic glutamate receptor signaling pathway	8/1623	83/53708	0.00363485882227876	0.0281223287828936	0.022151494207793	Bo9g009430/BraA09g004170.3C/BraA05g014940.3C/Bo2g010300/Bo7g089240/Bo1g152190/Bo4g065800/BraA02g039600.3C	8	B. napus (syn)	up-regulated
GO:0019725	cellular homeostasis	3/1623	11/53708	0.00378855063818965	0.0285867256624725	0.0225172919647116	BraA04g031720.3C/Bo4g024960/BraA05g005450.3C	3	B. napus (syn)	up-regulated
GO:0006873	cellular ion homeostasis	5/1623	35/53708	0.00382452792309723	0.0285867256624725	0.0225172919647116	Bo8g054030/BraA09g016060.3C/Bo9g013840/BraA08g019220.3C/Bo9g038510	5	B. napus (syn)	up-regulated
GO:0009607	response to biotic stimulus	6/1623	51/53708	0.00425436396754358	0.0312695751614453	0.0246305282331471	BraA01g029180.3C/Bo4g086790/BraA03g065010.3C/Bo1g098200/BraA09g016310.3C/Bo9g042030	6	B. napus (syn)	up-regulated
GO:0009423	chorismate biosynthetic process	4/1623	23/53708	0.00464752373216722	0.033348918114535	0.0262683923565976	Bo1g003010/Bo1g005170/BraA01g000850.3C/Bo6g121910	4	B. napus (syn)	up-regulated
GO:0042752	regulation of circadian rhythm	6/1623	52/53708	0.00468851002970787	0.033348918114535	0.0262683923565976	Bo4g078620/BraA06g044080.3C/Bo5g106210/BraA07g001810.3C/BraA08g016300.3C/Bo7g008400	6	B. napus (syn)	up-regulated
GO:0042753	positive regulation of circadian rhythm	4/1623	24/53708	0.00544524555358417	0.0378250927549912	0.0297942012391625	BraA04g028140.3C/Bo4g025580/Bo3g034670/Bo4g025620	4	B. napus (syn)	up-regulated
GO:0009073	aromatic amino acid family biosynthetic process	5/1623	38/53708	0.00548935586466993	0.0378250927549912	0.0297942012391625	Bo1g003010/Bo1g005170/BraA01g000850.3C/Bo6g121910/BraA07g034260.3C	5	B. napus (syn)	up-regulated
GO:0006995	cellular response to nitrogen starvation	5/1623	40/53708	0.00684858246366986	0.0457609828254304	0.0360451708614203	Bo3g143920/Bo7g045550/BraA09g035610.3C/Bo5g058620/BraA07g011250.3C	5	B. napus (syn)	up-regulated
GO:0015914	phospholipid transport	5/1623	40/53708	0.00684858246366986	0.0457609828254304	0.0360451708614203	BraA09g040800.3C/Bo2g138500/BraA01g002170.3C/Bo5g035280/Bo1g005520	5	B. napus (syn)	up-regulated
GO:0019759	glycosinolate catabolic process	4/1623	26/53708	0.007303889771376	0.0477391324666299	0.0376033266833461	BraA06g035760.3C/BraA02g039460.3C/BraA01g035980.3C/Bo1g123520	4	B. napus (syn)	up-regulated
GO:0009624	response to nematode	6/1623	57/53708	0.007361136071952	0.0477391324666299	0.0376033266833461	Bo9g069930/BraA09g023080.3C/Bo7g078210/Bo1g017580/BraA06g040610.3C/Bo6g116550	6	B. napus (syn)	up-regulated
GO:0036529	protein deglycation, glyoxal removal	3/1623	14/53708	0.00781087283202518	0.0492084988417586	0.0387607223243355	Bo4g125910/Bo5g127540/BraA05g032080.3C	3	B. napus (syn)	up-regulated
GO:0106046	guanine deglycation, glyoxal removal	3/1623	14/53708	0.00781087283202518	0.0492084988417586	0.0387607223243355	Bo4g125910/Bo5g127540/BraA05g032080.3C	3	B. napus (syn)	up-regulated
GO:0010204	defense response signaling pathway, resistance gene-independent	6/1623	58/53708	0.00800518050944598	0.0497223183755729	0.0391654494902472	BraA03g033160.3C/Bo9g009560/BraA06g024510.3C/BraA06g018490.3C/Bo3g061120/Bo3g113420	6	B. napus (syn)	up-regulated
GO:0071456	cellular response to hypoxia	11/912	19/28056	2.40352662549209e-12	7.93163786412391e-10	6.67927399084118e-10	Bo3g153330/Bo2g031360/Bo3g100810/Bo7g118700/Bo01055s010/Bo8g090210/Bo2g158890/Bo5g042850/Bo5g007070/Bo3g042080/Bo2g166460	11	B. oleracea	up-regulated
GO:0009753	response to jasmonic acid	16/912	65/28056	1.99038952619222e-10	3.28414271821717e-08	2.76559386797235e-08	Bo00581s150/Bo6g003330/Bo9g042310/Bo5g027170/Bo3g147640/Bo9g091320/Bo6g088090/Bo9g168900/Bo6g010420/Bo9g174170/Bo3g009050/Bo3g147730/Bo8g067140/Bo8g102890/Bo2g076750/Bo8g099540	16	B. oleracea	up-regulated
GO:0009611	response to wounding	21/912	135/28056	2.80518778888484e-09	3.08570656777333e-07	2.5984897412828e-07	Bo9g028840/Bo9g042310/Bo5g027170/Bo3g147640/Bo7g031130/Bo2g076880/Bo4g187850/Bo9g091320/Bo6g088090/Bo9g168900/Bo2g165960/Bo9g174170/Bo3g009050/Bo3g147730/Bo8g067140/Bo4g195780/Bo4g024960/Bo8g102890/Bo1g128570/Bo2g076750/Bo8g099540	21	B. oleracea	up-regulated
GO:0009696	salicylic acid metabolic process	9/912	31/28056	4.12538065198516e-07	3.40343903788776e-05	2.86605392664232e-05	Bo7g118280/Bo01026s020/Bo5g116760/Bo2g149270/Bo2g149210/Bo2g149200/Bo4g021070/Bo4g151690/Bo4g151700	9	B. oleracea	up-regulated
GO:0000162	tryptophan biosynthetic process	8/912	26/28056	1.12207336002195e-06	7.23832956288488e-05	6.09543542137674e-05	Bo8g061190/Bo8g024390/Bo4g137300/Bo9g158580/Bo9g176940/Bo9g118850/Bo8g084800/Bo7g111250	8	B. oleracea	up-regulated
GO:0006952	defense response	25/912	258/28056	1.31605992052452e-06	7.23832956288488e-05	6.09543542137674e-05	Bo2g057900/Bo9g028920/Bo1g017480/Bo5g027170/Bo3g147640/Bo8g054330/Bo7g113130/Bo4g188000/Bo8g102110/Bo4g086790/Bo1g098200/Bo9g168900/Bo9g112730/Bo4g019850/Bo3g009050/Bo3g064620/Bo1g139780/Bo3g147730/Bo8g067140/Bo4g195780/Bo2g137050/Bo4g024960/Bo8g102890/Bo2g076750/Bo2g086460	25	B. oleracea	up-regulated
GO:0009694	jasmonic acid metabolic process	9/912	38/28056	2.71924779053555e-06	0.000125624759945045	0.000105789271532669	Bo7g118280/Bo01026s020/Bo6g003330/Bo5g116760/Bo2g149270/Bo2g149210/Bo2g149200/Bo4g151690/Bo4g151700	9	B. oleracea	up-regulated
GO:0010200	response to chitin	14/912	97/28056	3.04544872594047e-06	0.000125624759945045	0.000105789271532669	Bo7g091210/Bo3g147640/Bo7g016300/Bo4g143870/Bo4g036170/Bo2g052700/Bo3g101050/Bo3g147730/Bo3g042080/Bo3g092220/Bo1g128570/Bo5g008260/Bo1g017580/Bo8g068270	14	B. oleracea	up-regulated
GO:0000103	sulfate assimilation	6/912	16/28056	7.02748130703206e-06	0.000257674314591176	0.000216988896497832	Bo1g002960/Bo5g093400/Bo3g088400/Bo9g022580/Bo7g118850/Bo3g152770	6	B. oleracea	up-regulated
GO:0006032	chitin catabolic process	8/912	34/28056	1.03533598535887e-05	0.000341660875168426	0.000287714421194464	Bo4g194450/Bo3g028270/Bo3g036650/Bo4g020920/Bo3g036660/Bo9g004220/Bo5g133420/Bo4g038660	8	B. oleracea	up-regulated
GO:0016998	cell wall macromolecule catabolic process	8/912	38/28056	2.48547650772622e-05	0.000745642952317865	0.000627909854583466	Bo4g194450/Bo3g028270/Bo3g036650/Bo4g020920/Bo3g036660/Bo9g004220/Bo5g133420/Bo4g038660	8	B. oleracea	up-regulated
GO:2000022	regulation of jasmonic acid mediated signaling pathway	8/912	48/28056	0.000143946935040647	0.00395854071361779	0.00333350796936235	Bo5g027170/Bo3g147640/Bo9g168900/Bo3g009050/Bo3g147730/Bo8g067140/Bo8g102890/Bo2g076750	8	B. oleracea	up-regulated
GO:0042542	response to hydrogen peroxide	8/912	51/28056	0.000222923558252087	0.00565882878639912	0.0047653295043361	Bo3g007430/Bo3g001360/Bo9g169680/Bo3g042080/Bo3g044590/Bo3g017800/Bo1g050780/Bo2g010790	8	B. oleracea	up-regulated
GO:0048544	recognition of pollen	13/912	126/28056	0.00024060354025975	0.00567136916326553	0.00477588982169729	Bo1g098140/Bo4g086730/Bo1g098290/Bo1g034420/Bo9g112770/Bo7g108670/Bo1g024120/Bo4g086700/Bo2g167920/Bo8g059880/Bo5g126490/Bo4g086990/Bo3g044330	13	B. oleracea	up-regulated
GO:0009877	nodulation	4/912	11/28056	0.000304878923799609	0.00670733632359141	0.00564828321986645	Bo3g100810/Bo01055s010/Bo2g158890/Bo2g166460	4	B. oleracea	up-regulated
GO:0051259	protein oligomerization	5/912	20/28056	0.000370442298719464	0.00738079421741355	0.00621540565676931	Bo3g007430/Bo9g169680/Bo3g044590/Bo3g017800/Bo2g010790	5	B. oleracea	up-regulated
GO:0031347	regulation of defense response	8/912	55/28056	0.000380222732412213	0.00738079421741355	0.00621540565676931	Bo5g027170/Bo3g147640/Bo9g168900/Bo3g009050/Bo3g147730/Bo8g067140/Bo8g102890/Bo2g076750	8	B. oleracea	up-regulated
GO:0045087	innate immune response	7/912	49/28056	0.000978901261681323	0.0179465231308243	0.015112861583852	Bo2g166480/Bo4g182040/Bo3g034390/Bo7g065550/Bo3g100790/Bo1g004880/Bo4g151400	7	B. oleracea	up-regulated
GO:1902358	sulfate transmembrane transport	5/912	26/28056	0.00133722292200357	0.0232254507505884	0.019558274316285	Bo2g093090/Bo3g009240/Bo3g064990/Bo2g093100/Bo8g081190	5	B. oleracea	up-regulated
GO:0098869	cellular oxidant detoxification	17/912	232/28056	0.00162669689592238	0.0268404987827192	0.0226025252907109	Bo2g018450/Bo8g077870/Bo9g175880/Bo3g023910/Bo5g146580/Bo7g088940/Bo4g119790/Bo9g177190/Bo8g112810/Bo3g082040/Bo5g008580/Bo9g083210/Bo9g022550/Bo3g003300/Bo8g106740/Bo5g019760/Bo2g166040	17	B. oleracea	up-regulated
GO:2000280	regulation of root development	5/912	28/28056	0.00189351025620457	0.029755161168929	0.0250569778264665	Bo5g058620/Bo1g004880/Bo3g143920/Bo4g151400/Bo7g045550	5	B. oleracea	up-regulated
GO:0006541	glutamine metabolic process	7/912	57/28056	0.00240833004237981	0.0361249506356972	0.0304210110616397	Bo8g100210/Bo4g125910/Bo5g127540/Bo1g012070/Bo3g139920/Bo3g175530/Bo5g043620	7	B. oleracea	up-regulated
GO:0006979	response to oxidative stress	19/912	284/28056	0.00254509848535965	0.0365166304421167	0.0307508466880983	Bo2g018450/Bo9g175880/Bo5g146580/Bo9g177190/Bo7g031130/Bo9g091320/Bo8g112810/Bo8g102950/Bo5g008580/Bo9g083210/Bo3g048350/Bo9g022550/Bo3g003300/Bo8g106740/Bo5g019760/Bo5g027030/Bo6g122020/Bo2g166040/Bo8g051550	19	B. oleracea	up-regulated
GO:0006952	defense response	20/652	165/27343	2.91865370867397e-09	6.6837169928634e-07	5.4686353699365e-07	BraA03g054480.3C/BraA08g019000.3C/BraA01g009030.3C/BraA04g031720.3C/BraA03g005650.3C/BraA02g021020.3C/BraA09g046590.3C/BraA10g025540.3C/BraA08g029290.3C/BraA09g061390.3C/BraA01g029180.3C/BraA09g016310.3C/BraA09g034900.3C/BraA08g023500.3C/BraA03g020740.3C/BraA08g028330.3C/BraA02g018370.3C/BraA05g003650.3C/BraA03g033740.3C/BraA09g001780.3C	20	B. rapa	up-regulated
GO:0009611	response to wounding	15/652	97/27343	9.92907922381632e-09	1.13687957112697e-06	9.30197948336476e-07	BraA09g032300.3C/BraA05g022810.3C/BraA04g031720.3C/BraA03g005650.3C/BraA02g021020.3C/BraA08g008830.3C/BraA10g025540.3C/BraA08g029290.3C/BraA03g014300.3C/BraA09g034900.3C/BraA09g032290.3C/BraA08g023500.3C/BraA04g010610.3C/BraA08g028330.3C/BraA09g001780.3C	15	B. rapa	up-regulated
GO:0009753	response to jasmonic acid	9/652	44/27343	7.93448249314841e-07	6.05665496976995e-05	4.95557152203655e-05	BraA03g005650.3C/BraA02g021020.3C/BraA10g025540.3C/BraA08g029290.3C/BraA09g034900.3C/BraA10g006500.3C/BraA09g025190.3C/BraA08g023500.3C/BraA08g028330.3C	9	B. rapa	up-regulated
GO:0042752	regulation of circadian rhythm	7/652	30/27343	5.36018106430788e-06	0.000306870365931626	0.000251082165643896	BraA01g004240.3C/BraA05g026320.3C/BraA09g019530.3C/BraA08g016300.3C/BraA06g044080.3C/BraA07g001810.3C/BraA03g058510.3C	7	B. rapa	up-regulated
GO:0080167	response to karrikin	9/652	68/27343	3.3164885736368e-05	0.00151895176672566	0.00124281045496284	BraA01g004240.3C/BraA09g019530.3C/BraA08g016300.3C/BraA06g044080.3C/BraA02g019770.3C/BraA01g001570.3C/BraA05g003610.3C/BraA03g058510.3C/BraA03g060630.3C	9	B. rapa	up-regulated
GO:2000022	regulation of jasmonic acid mediated signaling pathway	7/652	41/27343	4.71539485334696e-05	0.00179970903569409	0.00147252681385221	BraA03g005650.3C/BraA02g021020.3C/BraA10g025540.3C/BraA08g029290.3C/BraA09g034900.3C/BraA08g023500.3C/BraA08g028330.3C	7	B. rapa	up-regulated
GO:0031347	regulation of defense response	7/652	44/27343	7.5552274311226e-05	0.0022769401406643	0.00186299859819924	BraA03g005650.3C/BraA02g021020.3C/BraA10g025540.3C/BraA08g029290.3C/BraA09g034900.3C/BraA08g023500.3C/BraA08g028330.3C	7	B. rapa	up-regulated
GO:0045087	innate immune response	6/652	31/27343	7.95437603725519e-05	0.0022769401406643	0.00186299859819924	BraA06g028330.3C/BraA02g044850.3C/BraA04g017100.3C/BraA09g054300.3C/BraA01g001570.3C/BraA03g060630.3C	6	B. rapa	up-regulated
GO:0000103	sulfate assimilation	4/652	15/27343	0.000354598606566194	0.00902256454485093	0.00738228677997456	BraA01g022010.3C/BraA01g000790.3C/BraA03g061240.3C/BraA08g022030.3C	4	B. rapa	up-regulated
GO:0006970	response to osmotic stress	5/652	30/27343	0.000659971753386608	0.0138092425893436	0.0112987597375462	BraA09g035610.3C/BraA08g023970.3C/BraA07g011250.3C/BraA03g030950.3C/BraA09g032550.3C	5	B. rapa	up-regulated
GO:0006541	glutamine metabolic process	6/652	45/27343	0.000663326063243581	0.0138092425893436	0.0112987597375462	BraA07g019430.3C/BraA09g058910.3C/BraA06g011140.3C/BraA06g019700.3C/BraA09g054050.3C/BraA08g018030.3C	6	B. rapa	up-regulated
GO:0006032	chitin catabolic process	5/652	31/27343	0.000771592521273926	0.014458492277873	0.0118299775934791	BraA03g022850.3C/BraA04g030200.3C/BraA03g035300.3C/BraA03g018400.3C/BraA03g035320.3C	5	B. rapa	up-regulated
GO:0009409	response to cold	8/652	83/27343	0.000820787771232963	0.014458492277873	0.0118299775934791	BraA01g004240.3C/BraA09g019530.3C/BraA08g016300.3C/BraA04g031720.3C/BraA06g044080.3C/BraA08g016130.3C/BraA03g058510.3C/BraA09g001780.3C	8	B. rapa	up-regulated
GO:0016998	cell wall macromolecule catabolic process	5/652	35/27343	0.00136303891875397	0.0222954223139042	0.0182421750028726	BraA03g022850.3C/BraA04g030200.3C/BraA03g035300.3C/BraA03g018400.3C/BraA03g035320.3C	5	B. rapa	up-regulated
GO:0019760	glucosinolate metabolic process	4/652	22/27343	0.00166447093520197	0.0254109229440834	0.020791286067786	BraA02g039460.3C/BraA06g035760.3C/BraA01g035980.3C/BraA03g033740.3C	4	B. rapa	up-regulated
GO:0006839	mitochondrial transport	3/652	11/27343	0.00193011837054154	0.025999829814942	0.0212731312666498	BraA09g045100.3C/BraA09g054810.3C/BraA01g015350.3C	3	B. rapa	up-regulated
GO:0042753	positive regulation of circadian rhythm	3/652	11/27343	0.00193011837054154	0.025999829814942	0.0212731312666498	BraA03g021240.3C/BraA05g006050.3C/BraA04g028140.3C	3	B. rapa	up-regulated
GO:0009607	response to biotic stimulus	4/652	24/27343	0.0023283784757709	0.0289468878298918	0.0236844221269627	BraA09g061390.3C/BraA01g029180.3C/BraA09g016310.3C/BraA03g020740.3C	4	B. rapa	up-regulated
GO:0009081	branched-chain amino acid metabolic process	3/652	12/27343	0.00252811247422636	0.0289468878298918	0.0236844221269627	BraA08g032260.3C/BraA09g062040.3C/BraA06g003460.3C	3	B. rapa	up-regulated
GO:0048573	photoperiodism, flowering	3/652	12/27343	0.00252811247422636	0.0289468878298918	0.0236844221269627	BraA01g004240.3C/BraA08g016300.3C/BraA03g058510.3C	3	B. rapa	up-regulated
GO:0010043	response to zinc ion	3/652	13/27343	0.00322866548763319	0.0352078284127619	0.0288071406916645	BraA02g039460.3C/BraA06g035760.3C/BraA01g035980.3C	3	B. rapa	up-regulated
GO:0006855	drug transmembrane transport	9/652	127/27343	0.00346006663779779	0.0360161481843497	0.0294685101209572	BraA03g050650.3C/BraA07g035780.3C/BraA09g018010.3C/BraA06g011220.3C/BraA01g013660.3C/BraA06g022370.3C/BraA03g015170.3C/BraA09g016180.3C/BraA07g007650.3C	9	B. rapa	up-regulated
GO:0009870	defense response signaling pathway, resistance gene-dependent	3/652	14/27343	0.00403693117754836	0.0385190516524406	0.031516392526474	BraA05g028660.3C/BraA03g038460.3C/BraA01g034240.3C	3	B. rapa	up-regulated
GO:0042218	1-aminocyclopropane-1-carboxylate biosynthetic process	3/652	14/27343	0.00403693117754836	0.0385190516524406	0.031516392526474	BraA10g000500.3C/BraA09g027250.3C/BraA09g051070.3C	3	B. rapa	up-regulated
GO:0016310	phosphorylation	19/652	414/27343	0.00535756839398765	0.0490753264889269	0.040153565226518	BraA09g005550.3C/BraA05g025230.3C/BraA02g041250.3C/BraA08g003790.3C/BraA10g033730.3C/BraA09g031540.3C/BraA09g007710.3C/BraA06g026710.3C/BraA01g000790.3C/BraA03g061240.3C/BraA03g006600.3C/BraA05g028350.3C/BraA05g031920.3C/BraA08g022030.3C/BraA08g024040.3C/BraA08g000320.3C/BraA10g024300.3C/BraA08g026960.3C/BraA07g034940.3C	19	B. rapa	up-regulated
GO:0015979	photosynthesis	64/1359	249/51223	7.0084184574024e-44	2.85242631216278e-41	2.33859857999638e-41	BnaA02g12840D/BnaA09g01470D/BnaC06g11040D/BnaA03g25710D/BnaC02g42890D/BnaC05g10420D/BnaC03g70700D/BnaA04g16500D/BnaA06g23190D/BnaCnng27800D/BnaC03g30230D/BnaAnng27100D/BnaC08g13230D/BnaA05g13640D/BnaA09g06690D/BnaCnng46590D/BnaC07g47800D/BnaA07g38700D/BnaC09g00580D/BnaA04g03690D/BnaA10g27910D/BnaA10g04360D/BnaC05g04590D/BnaC03g50210D/BnaC09g06210D/BnaA09g45770D/BnaC05g25250D/BnaAnng40550D/BnaA08g07940D/BnaA09g25260D/BnaC06g07480D/BnaC05g06170D/BnaA08g00380D/BnaA06g37650D/BnaC09g21870D/BnaC06g02980D/BnaCnng38300D/BnaA08g29910D/BnaA09g19870D/BnaA03g22970D/BnaA06g08980D/BnaA08g14110D/BnaA02g13320D/BnaA08g28710D/BnaA07g31590D/BnaC08g01880D/BnaAnng36210D/BnaC08g09180D/BnaC04g30810D/BnaA04g02660D/BnaA05g34630D/BnaC06g26560D/BnaA10g02050D/BnaA04g08570D/BnaC04g30870D/BnaA04g27920D/BnaC07g30800D/BnaA03g58900D/BnaA08g27540D/BnaA02g34030D/BnaCnng05610D/BnaA07g04280D/BnaA02g12810D/BnaCnng55860D	64	B. napus	down-regulated
GO:0009765	photosynthesis, light harvesting	28/1359	76/51223	8.20884802183832e-25	1.6705005724441e-22	1.36958148574881e-22	BnaC06g15470D/BnaC03g59520D/BnaA07g07560D/BnaA07g07570D/BnaA09g13710D/BnaCnng21010D/BnaC07g09400D/BnaCnng31870D/BnaC04g21740D/BnaA08g04190D/BnaC04g10780D/BnaA08g17660D/BnaA05g09380D/BnaA05g29390D/BnaC08g04860D/BnaC03g28960D/BnaA09g26570D/BnaA09g22540D/BnaAnng00160D/BnaC01g29520D/BnaC05g22880D/BnaAnng22920D/BnaA04g20150D/BnaCnng24140D/BnaA07g38250D/BnaC08g16790D/BnaC02g46810D/BnaA01g22670D	28	B. napus	down-regulated
GO:0018298	protein-chromophore linkage	29/1359	122/51223	1.31726781431153e-19	1.78709333474931e-17	1.46517156890089e-17	BnaC06g15470D/BnaC03g59520D/BnaA07g07560D/BnaA07g07570D/BnaA09g13710D/BnaCnng21010D/BnaC07g09400D/BnaCnng31870D/BnaC04g21740D/BnaA08g04190D/BnaC04g10780D/BnaA08g17660D/BnaA05g09380D/BnaA05g29390D/BnaC08g04860D/BnaC03g28960D/BnaA09g26570D/BnaA09g22540D/BnaAnng00160D/BnaC01g29520D/BnaC05g22880D/BnaAnng22920D/BnaA04g20150D/BnaCnng24140D/BnaA07g38250D/BnaC08g16790D/BnaC02g46810D/BnaC03g23340D/BnaA01g22670D	29	B. napus	down-regulated
GO:0009773	photosynthetic electron transport in photosystem I	14/1359	29/51223	4.28758272870561e-15	4.36261542645796e-13	3.576746644736e-13	BnaC08g49490D/BnaC04g26530D/BnaC06g41630D/BnaC02g33990D/BnaA02g25750D/BnaAnng37450D/BnaC01g14340D/BnaA04g04350D/BnaA06g10670D/BnaC05g50170D/BnaAnng17200D/BnaC07g37680D/BnaC04g17780D/BnaC05g12200D	14	B. napus	down-regulated
GO:0042752	regulation of circadian rhythm	14/1359	35/51223	1.10534847284042e-13	8.99753656892106e-12	7.37674665032452e-12	BnaAnng40190D/BnaC05g31460D/BnaA06g37010D/BnaA03g02470D/BnaC02g42220D/BnaA06g26010D/BnaA09g05400D/BnaC09g47560D/BnaC09g04940D/BnaAnng06150D/BnaC02g01170D/BnaC09g17270D/BnaC02g41680D/BnaC03g03480D	14	B. napus	down-regulated
GO:0010207	photosystem II assembly	14/1359	41/51223	1.4472157333528e-12	9.81694672457647e-11	8.04855065741819e-11	BnaAnng39860D/BnaAnng34570D/BnaC06g10950D/BnaC04g28580D/BnaA04g05960D/BnaA02g34760D/BnaC08g46250D/BnaC05g38510D/BnaA08g27510D/BnaC09g07990D/BnaA09g07840D/BnaC03g28960D/BnaC07g16640D/BnaC01g23800D	14	B. napus	down-regulated
GO:0043433	negative regulation of DNA binding transcription factor activity	10/1359	20/51223	2.42626191761706e-11	1.41069800067163e-09	1.15657898930016e-09	BnaA03g02470D/BnaC02g42220D/BnaA06g26010D/BnaA09g05400D/BnaC09g47560D/BnaC09g04940D/BnaAnng06150D/BnaC02g01170D/BnaC02g41680D/BnaC03g03480D	10	B. napus	down-regulated
GO:0009734	auxin-activated signaling pathway	36/1359	372/51223	3.56285802142663e-11	1.8126040184008e-09	1.48608683262137e-09	BnaA07g23670D/BnaC02g20430D/BnaA07g28990D/BnaA02g01100D/BnaC07g28990D/BnaA09g04430D/BnaA03g03760D/BnaC05g29300D/BnaC06g22370D/BnaCnng63870D/BnaA05g16680D/BnaC02g47640D/BnaA01g04710D/BnaC01g09350D/BnaA03g33930D/BnaC08g43820D/BnaA07g21670D/BnaA05g10300D/BnaAnng09160D/BnaC09g03870D/BnaA09g16590D/BnaC05g02660D/BnaC02g04220D/BnaC02g24380D/BnaC08g43830D/BnaC07g13310D/BnaA08g27770D/BnaA03g36950D/BnaA07g10150D/BnaC08g50150D/BnaC01g06240D/BnaA03g51960D/BnaA09g50590D/BnaC03g73110D/BnaC05g02370D/BnaC09g00520D	36	B. napus	down-regulated
GO:0110102	chloroplast ribulose bisphosphate carboxylase complex assembly	7/1359	13/51223	1.35961383001064e-08	6.14847587571478e-07	5.04090741653067e-07	BnaC03g16100D/BnaA04g02820D/BnaA03g13290D/BnaA01g33560D/BnaA09g36210D/BnaC04g24780D/BnaC01g40070D	7	B. napus	down-regulated
GO:0009853	photorespiration	11/1359	48/51223	4.0443150407852e-08	1.64603622159958e-06	1.34952407150412e-06	BnaA02g12840D/BnaA07g35670D/BnaC02g23140D/BnaA02g19770D/BnaAnng36210D/BnaC04g30810D/BnaA04g08570D/BnaC04g30870D/BnaA04g27920D/BnaA02g12810D/BnaCnng55860D	11	B. napus	down-regulated
GO:0010411	xyloglucan metabolic process	14/1359	107/51223	9.80865280768788e-07	3.62920153884452e-05	2.97544778950915e-05	BnaC01g08110D/BnaA08g07640D/BnaC06g31320D/BnaA01g06730D/BnaC07g42500D/BnaCnng62600D/BnaA06g18970D/BnaA03g25760D/BnaCnng13310D/BnaC03g73080D/BnaCnng18010D/BnaA09g01390D/BnaA06g24680D/BnaC09g00910D	14	B. napus	down-regulated
GO:0080167	response to karrikin	17/1359	157/51223	1.08165222595842e-06	3.66860379970899e-05	3.00775224235808e-05	BnaAnng40190D/BnaAnng38970D/BnaA06g37010D/BnaA05g15580D/BnaA03g10120D/BnaA03g05320D/BnaC03g12790D/BnaC02g05960D/BnaC02g15670D/BnaC03g06850D/BnaA07g02490D/BnaC06g06110D/BnaC09g17270D/BnaA10g30640D/BnaA02g02560D/BnaA05g03360D/BnaAnng08160D	17	B. napus	down-regulated
GO:0009750	response to fructose	6/1359	15/51223	1.40574587662999e-06	4.40106593683389e-05	3.6082707926454e-05	BnaAnng38970D/BnaA03g05320D/BnaC05g21780D/BnaC02g05960D/BnaC03g06850D/BnaA02g02560D	6	B. napus	down-regulated
GO:0042546	cell wall biogenesis	15/1359	135/51223	3.31376083933482e-06	9.63357615435193e-05	7.89821192533186e-05	BnaC06g23050D/BnaC01g08110D/BnaA08g07640D/BnaA07g22250D/BnaA01g06730D/BnaC07g42500D/BnaCnng62600D/BnaA06g18970D/BnaA03g25760D/BnaCnng13310D/BnaC03g73080D/BnaCnng18010D/BnaA09g01390D/BnaA06g24680D/BnaC09g00910D	15	B. napus	down-regulated
GO:0006096	glycolytic process	16/1359	155/51223	4.15913546823816e-06	0.000112851209038195	9.25225223460699e-05	BnaC02g44850D/BnaC09g29010D/BnaA01g24280D/BnaCnng37100D/BnaC01g31270D/BnaC03g68660D/BnaA01g15640D/BnaC07g47470D/BnaC01g18640D/BnaAnng40850D/BnaA06g37230D/BnaC01g00070D/BnaA08g02130D/BnaC03g37820D/BnaC03g60280D/BnaA01g30320D	16	B. napus	down-regulated
GO:0009744	response to sucrose	11/1359	75/51223	4.55971164194014e-06	0.000115987664891852	9.50939862167779e-05	BnaAnng38970D/BnaA05g00550D/BnaA03g05320D/BnaC05g21780D/BnaC04g15130D/BnaC02g05960D/BnaC03g06850D/BnaC06g18520D/BnaA02g02560D/BnaA07g14320D/BnaC08g46180D	11	B. napus	down-regulated
GO:0010206	photosystem II repair	6/1359	18/51223	4.86942000401911e-06	0.000116579643625634	9.55793276330686e-05	BnaC06g10950D/BnaA09g00880D/BnaA01g21380D/BnaA01g09110D/BnaC09g00010D/BnaC01g10790D	6	B. napus	down-regulated
GO:0042549	photosystem II stabilization	5/1359	12/51223	8.84690706047399e-06	0.000200038398534051	0.000164004066559664	BnaA02g34760D/BnaC09g07990D/BnaA09g07840D/BnaC07g16640D/BnaC01g23800D	5	B. napus	down-regulated
GO:0015995	chlorophyll biosynthetic process	9/1359	59/51223	2.41837896347453e-05	0.000518042230596913	0.000424723618516026	BnaA05g32780D/BnaC01g17000D/BnaA03g47110D/BnaC05g06170D/BnaA08g14110D/BnaA07g31590D/BnaC05g48080D/BnaA10g02050D/BnaA08g27540D	9	B. napus	down-regulated
GO:0015977	carbon fixation	8/1359	49/51223	4.12597337457531e-05	0.000839635581726076	0.000688386084073881	BnaA02g12840D/BnaAnng36210D/BnaC04g30810D/BnaA04g08570D/BnaC04g30870D/BnaA04g27920D/BnaA02g12810D/BnaCnng55860D	8	B. napus	down-regulated
GO:0006006	glucose metabolic process	8/1359	52/51223	6.41786167123663e-05	0.00124384271437777	0.00101978052620652	BnaA08g30000D/BnaC08g40850D/BnaC02g36240D/BnaA06g32740D/BnaA08g26430D/BnaA09g46780D/BnaC08g46180D/BnaA08g04610D	8	B. napus	down-regulated
GO:0009749	response to glucose	8/1359	54/51223	8.4677449544075e-05	0.00156653281656539	0.0012843421772953	BnaAnng38970D/BnaA03g05320D/BnaC05g21780D/BnaC04g15130D/BnaC02g05960D/BnaC03g06850D/BnaA02g02560D/BnaA07g14320D	8	B. napus	down-regulated
GO:0032502	developmental process	9/1359	76/51223	0.000183421007767919	0.0032457543548497	0.0026610736596078	BnaC03g23880D/BnaC07g46760D/BnaA03g19900D/BnaA05g34240D/BnaA03g54290D/BnaC04g52670D/BnaA03g16700D/BnaC01g01310D/BnaC02g44780D	9	B. napus	down-regulated
GO:0016123	xanthophyll biosynthetic process	4/1359	12/51223	0.000205906005682482	0.00349182267969875	0.00286281595619942	BnaCnng51770D/BnaA05g32780D/BnaA07g08650D/BnaC05g48080D	4	B. napus	down-regulated
GO:0032544	plastid translation	4/1359	13/51223	0.000291170485934326	0.00474025551101083	0.00388635974910237	BnaA04g02820D/BnaA09g36210D/BnaC04g24780D/BnaC04g20890D	4	B. napus	down-regulated
GO:0009638	phototropism	6/1359	36/51223	0.000339717120099041	0.00531787953385807	0.00435993227009701	BnaA06g33930D/BnaC05g10510D/BnaA03g14030D/BnaC08g16070D/BnaC07g22010D/BnaA06g09060D	6	B. napus	down-regulated
GO:0010193	response to ozone	6/1359	39/51223	0.000531823630666148	0.0077444618668079	0.00634939715964853	BnaAnng17550D/BnaA01g25400D/BnaC01g32320D/BnaA03g36010D/BnaC05g31270D/BnaA06g02370D	6	B. napus	down-regulated
GO:0048731	system development	4/1359	15/51223	0.000532788531377448	0.0077444618668079	0.00634939715964853	BnaA06g23740D/BnaC07g29330D/BnaC03g49480D/BnaA06g27710D	4	B. napus	down-regulated
GO:0009767	photosynthetic electron transport chain	4/1359	16/51223	0.00069549994105127	0.00976098193130575	0.00800266719830318	BnaC01g15720D/BnaA01g13510D/BnaA03g46340D/BnaCnng71720D	4	B. napus	down-regulated
GO:0051513	regulation of monopolar cell growth	4/1359	17/51223	0.000890461007253081	0.0116908912887743	0.00958492832934555	BnaC08g18160D/BnaA08g22530D/BnaA09g56100D/BnaC08g37130D	4	B. napus	down-regulated
GO:1901701	cellular response to oxygen-containing compound	4/1359	17/51223	0.000890461007253081	0.0116908912887743	0.00958492832934555	BnaA03g05320D/BnaC02g05960D/BnaC03g06850D/BnaA02g02560D	4	B. napus	down-regulated
GO:0009416	response to light stimulus	11/1359	136/51223	0.0010489611286492	0.0130589094551246	0.0107065157048351	BnaC04g52510D/BnaA05g00550D/BnaA10g09070D/BnaA06g38740D/BnaC04g55720D/BnaC08g03820D/BnaC06g18520D/BnaA04g06700D/BnaAnng34280D/BnaC08g46180D/BnaC09g34100D	11	B. napus	down-regulated
GO:0019464	glycine decarboxylation via glycine cleavage system	4/1359	18/51223	0.00112093493314744	0.0130589094551246	0.0107065157048351	BnaC05g28570D/BnaA09g24310D/BnaA05g18150D/BnaC08g07440D	4	B. napus	down-regulated
GO:0006662	glycerol ether metabolic process	9/1359	97/51223	0.00112300204159548	0.0130589094551246	0.0107065157048351	BnaC09g48890D/BnaA10g24270D/BnaCnng05900D/BnaA10g09070D/BnaCnng16050D/BnaAnng12670D/BnaA03g33840D/BnaC08g42050D/BnaA04g26100D	9	B. napus	down-regulated
GO:0009742	brassinosteroid mediated signaling pathway	9/1359	97/51223	0.00112300204159548	0.0130589094551246	0.0107065157048351	BnaC07g50000D/BnaA03g40910D/BnaC01g07980D/BnaC03g23880D/BnaC07g47240D/BnaA06g13460D/BnaA03g19900D/BnaA05g34240D/BnaC04g52670D	9	B. napus	down-regulated
GO:0000413	protein peptidyl-prolyl isomerization	13/1359	182/51223	0.00122421579373961	0.0138404396681117	0.0113472633513291	BnaA03g48100D/BnaCnng50370D/BnaA07g22590D/BnaC08g08050D/BnaC05g48850D/BnaC08g31970D/BnaA05g33830D/BnaA09g17750D/BnaC05g42970D/BnaA01g05720D/BnaA09g39610D/BnaC02g22620D/BnaC01g00600D	13	B. napus	down-regulated
GO:0016559	peroxisome fission	5/1359	36/51223	0.00248350722426586	0.0265996694809528	0.0218080828280409	BnaC04g04450D/BnaA05g05060D/BnaA04g26380D/BnaCnng15230D/BnaA06g17400D	5	B. napus	down-regulated
GO:1902476	chloride transmembrane transport	5/1359	36/51223	0.00248350722426586	0.0265996694809528	0.0218080828280409	BnaC02g36720D/BnaC07g24030D/BnaA02g28670D/BnaA06g32380D/BnaA08g17350D	5	B. napus	down-regulated
GO:0009834	plant-type secondary cell wall biogenesis	7/1359	70/51223	0.00255230975465186	0.0266356428241874	0.0218375760384518	BnaC06g22370D/BnaA07g21670D/BnaAnng09160D/BnaC02g24380D/BnaA10g02230D/BnaA09g16950D/BnaC05g02150D	7	B. napus	down-regulated
GO:1902326	positive regulation of chlorophyll biosynthetic process	3/1359	11/51223	0.0026209941130814	0.0266686151006033	0.0218646087854422	BnaC09g20020D/BnaAnng07140D/BnaC07g19940D	3	B. napus	down-regulated
GO:0006086	acetyl-CoA biosynthetic process from pyruvate	4/1359	23/51223	0.00291934835781967	0.0289798727227464	0.0237595232202525	BnaC05g00810D/BnaA09g51510D/BnaA10g00730D/BnaC08g45650D	4	B. napus	down-regulated
GO:0010431	seed maturation	3/1359	12/51223	0.00342602348221437	0.0331997989824107	0.0272192843073172	BnaC02g44850D/BnaC09g29010D/BnaCnng37100D	3	B. napus	down-regulated
GO:0007623	circadian rhythm	8/1359	95/51223	0.00381948416491993	0.0361518617470328	0.0296395711206761	BnaC05g31460D/BnaC03g23880D/BnaA01g20040D/BnaC01g24850D/BnaA03g19900D/BnaA05g34240D/BnaC04g52670D/BnaA09g32650D	8	B. napus	down-regulated
GO:0010315	auxin efflux	4/1359	25/51223	0.00399895185561221	0.0361682978940926	0.0296530465082823	BnaC06g22370D/BnaA07g21670D/BnaAnng09160D/BnaC02g24380D	4	B. napus	down-regulated
GO:0071396	cellular response to lipid	4/1359	25/51223	0.00399895185561221	0.0361682978940926	0.0296530465082823	BnaA03g05320D/BnaC02g05960D/BnaC03g06850D/BnaA02g02560D	4	B. napus	down-regulated
GO:0006633	fatty acid biosynthetic process	16/1359	289/51223	0.00488037874132082	0.0431807423416864	0.0354022897253707	BnaA03g17570D/BnaC03g21010D/BnaAnng22560D/BnaC02g02670D/BnaA10g18680D/BnaA03g05470D/BnaC05g07580D/BnaAnng34320D/BnaC03g07000D/BnaC09g42420D/BnaA10g18080D/BnaA05g23690D/BnaA07g38540D/BnaAnng00970D/BnaA04g16560D/BnaC08g44600D	16	B. napus	down-regulated
GO:0019264	glycine biosynthetic process from serine	4/1359	27/51223	0.00532019470588638	0.0460706222403353	0.03777159511234	BnaA08g15890D/BnaC01g01090D/BnaA01g00170D/BnaC03g61150D	4	B. napus	down-regulated
GO:0015979	photosynthesis	91/2014	210/53708	4.48253756813916e-72	2.33988461056864e-69	2.01006421476556e-69	BraA09g047550.3C/BraA07g038380.3C/Bo6g121060/BraA07g031170.3C/BraA02g044420.3C/BraA06g027510.3C/Bo3g102750/BraA01g009960.3C/BraA09g034680.3C/Bo9g017950/BraA08g002230.3C/Bo8g030540/Bo2g056130/BraA08g011230.3C/BraA08g009230.3C/BraA07g033020.3C/BraA08g006950.3C/BraA08g009190.3C/BraA02g022330.3C/BraA08g035300.3C/Bo3g148990/Bo3g181110/Bo8g106990/Bo9g006070/BraA02g017820.3C/BraA09g033430.3C/BraA06g000430.3C/BraA09g008070.3C/BraA07g040540.3C/BraA09g059650.3C/Bo6g105200/BraA07g022590.3C/Bo8g091280/Bo5g062900/BraA09g001460.3C/Bo6g072440/Bo6g118780/BraA07g026390.3C/Bo4g116870/BraA09g063780.3C/BraA01g018190.3C/BraA10g002190.3C/BraA08g023320.3C/Bo7g097900/Bo8g030530/Bo4g026340/Bo3g185460/Bo7g040990/BraA04g009110.3C/BraA01g012030.3C/BraA09g033700.3C/BraA03g043650.3C/Bo6g098700/BraA06g002120.3C/Bo2g082130/BraA10g005400.3C/BraA07g042080.3C/BraA07g010120.3C/Bo8g114480/BraA08g018830.3C/BraA08g033850.3C/BraA04g021840.3C/Bo5g003990/Bo8g034270/Bo4g134490/BraA05g016110.3C/BraA04g020440.3C/Bo1g017150/BraA05g006520.3C/Bo7g113250/BraA05g013820.3C/Bo8g002560/Bo8g007190/Bo6g034780/BraA04g011050.3C/BraA04g004720.3C/Bo4g137200/Bo6g051400/BraA08g010100.3C/BraA07g019510.3C/Bo8g054500/Bo8g032440/Bo3g049820/BraA09g024970.3C/Bo1g158910/BraA02g017000.3C/Bo9g076240/BraA04g014860.3C/Bo4g137140/Bo4g144000/Bo6g059930	91	B. napus (syn)	down-regulated
GO:0009765	photosynthesis, light harvesting	53/2014	75/53708	3.15018569870929e-58	8.22198467363125e-56	7.06304793500083e-56	Bo9g008350/BraA06g037410.3C/Bo3g044670/BraA05g010700.3C/Bo8g066580/BraA02g037860.3C/Bo3g085600/BraA10g012410.3C/Bo2g144900/Bo4g086780/BraA09g058520.3C/Bo7g085890/BraA05g010690.3C/BraA09g028120.3C/BraA05g010660.3C/Bo2g001220/Bo9g042070/BraA09g045720.3C/BraA06g019540.3C/Bo3g134510/BraA09g035160.3C/BraA03g041940.3C/Bo2g110390/BraA09g003290.3C/Bo8g105860/Bo5g139650/Bo2g042030/Bo9g088290/BraA04g001140.3C/Bo4g039810/Bo3g027740/BraA03g027230.3C/Bo3g146480/Bo5g061110/BraA09g016320.3C/BraA03g018080.3C/BraA07g021900.3C/Bo1g098190/BraA01g029170.3C/BraA02g000180.3C/BraA05g037360.3C/Bo8g087140/Bo4g182560/BraA08g023650.3C/BraA04g024630.3C/Bo4g101180/Bo6g068340/BraA07g024630.3C/BraA08g028350.3C/Bo4g039820/Bo7g044900/Bo8g068320/Bo6g077700	53	B. napus (syn)	down-regulated
GO:0018298	protein-chromophore linkage	54/2014	112/53708	2.17829466514493e-46	3.79023271735218e-44	3.25597728895347e-44	Bo9g008350/BraA06g037410.3C/Bo3g068620/Bo3g044670/BraA05g010700.3C/Bo8g066580/BraA02g037860.3C/Bo3g085600/BraA10g012410.3C/Bo2g144900/Bo4g086780/BraA09g058520.3C/Bo7g085890/BraA05g010690.3C/BraA09g028120.3C/BraA05g010660.3C/Bo2g001220/Bo9g042070/BraA09g045720.3C/BraA06g019540.3C/Bo3g134510/BraA09g035160.3C/BraA03g041940.3C/Bo2g110390/BraA09g003290.3C/Bo8g105860/Bo5g139650/Bo2g042030/Bo9g088290/BraA04g001140.3C/Bo4g039810/Bo3g027740/BraA03g027230.3C/Bo3g146480/Bo5g061110/BraA09g016320.3C/BraA03g018080.3C/BraA07g021900.3C/Bo1g098190/BraA01g029170.3C/BraA02g000180.3C/BraA05g037360.3C/Bo8g087140/Bo4g182560/BraA08g023650.3C/BraA04g024630.3C/Bo4g101180/Bo6g068340/BraA07g024630.3C/BraA08g028350.3C/Bo4g039820/Bo7g044900/Bo8g068320/Bo6g077700	54	B. napus (syn)	down-regulated
GO:0009733	response to auxin	61/2014	429/53708	5.27729052150303e-19	6.88686413056145e-17	5.91612042673761e-17	Bo9g157510/Bo2g014210/BraA10g022080.3C/Bo7g119560/Bo1g002190/Bo1g002200/Bo3g012880/BraA10g022060.3C/Bo3g012900/Bo3g012890/BraA08g023860.3C/Bo2g014190/Bo2g014130/Bo9g003920/Bo9g157520/Bo2g014180/Bo9g158570/Bo3g012920/Bo2g014230/BraA10g022070.3C/BraA09g000950.3C/BraA10g022090.3C/Bo2g014270/Bo3g012950/Bo3g012910/Bo7g119580/Bo7g119570/BraA10g022010.3C/BraA06g044690.3C/BraA10g022020.3C/BraA10g022120.3C/BraA10g022050.3C/Bo2g014250/Bo9g157560/BraA08g023840.3C/Bo9g157540/Bo5g059730/BraA09g036560.3C/Bo3g012870/Bo3g144120/Bo8g069770/Bo3g012930/Bo2g014260/BraA01g000130.3C/Bo5g059740/Bo5g059790/BraA02g007490.3C/Bo9g157550/BraA02g007460.3C/BraA06g044670.3C/BraA06g015440.3C/BraA10g022110.3C/Bo2g014170/BraA02g007400.3C/BraA02g007410.3C/BraA02g007500.3C/Bo2g014140/BraA02g007430.3C/Bo3g086850/BraA03g008290.3C/Bo2g014150	61	B. napus (syn)	down-regulated
GO:0009734	auxin-activated signaling pathway	53/2014	370/53708	7.69830968929402e-17	8.03703531562296e-15	6.90416826871422e-15	Bo9g059270/BraA09g019950.3C/Bo1g010580/Bo5g004680/Bo2g083930/Bo2g024860/BraA04g016620.3C/BraA10g002790.3C/Bo6g086310/BraA07g031730.3C/BraA01g005780.3C/BraA09g065000.3C/BraA05g031540.3C/Bo8g038080/BraA01g021890.3C/Bo6g112590/BraA07g029730.3C/Bo1g134710/BraA03g057220.3C/BraA05g011520.3C/Bo3g184550/BraA01g008460.3C/BraA09g005750.3C/Bo1g128360/Bo5g004400/BraA05g024080.3C/Bo5g093110/Bo9g011160/BraA03g005140.3C/BraA03g036990.3C/Bo6g119670/Bo3g066910/Bo1g016790/BraA10g023220.3C/Bo5g126940/BraA10g002780.3C/Bo7g080100/Bo8g070840/BraA09g064990.3C/Bo6g099440/Bo7g115680/Bo1g057630/BraA03g040670.3C/Bo3g081600/Bo8g002800/BraA07g037630.3C/BraA09g064820.3C/Bo6g116850/BraA07g014360.3C/BraA08g034980.3C/Bo9g163100/Bo7g056420/Bo3g027240	53	B. napus (syn)	down-regulated
GO:0010207	photosystem II assembly	19/2014	42/53708	1.45276997025559e-16	1.26390987412237e-14	1.0857543988226e-14	Bo8g002520/Bo3g044670/Bo7g118240/BraA08g035330.3C/BraA06g035330.3C/Bo5g022130/BraA10g002150.3C/Bo5g003960/Bo1g062650/BraA02g045720.3C/Bo9g021880/BraA01g022780.3C/Bo5g127460/Bo2g167690/BraA08g015370.3C/Bo6g051340/BraA07g017380.3C/BraA09g009530.3C/Bo7g064820	19	B. napus (syn)	down-regulated
GO:0009773	photosynthetic electron transport in photosystem I	15/2014	26/53708	2.02680339159115e-15	1.51141624344369e-13	1.29837330047794e-13	BraA03g042040.3C/BraA01g013480.3C/BraA09g057060.3C/BraA09g044960.3C/BraA04g005700.3C/BraA03g050570.3C/Bo5g025820/Bo1g123580/BraA06g012020.3C/Bo7g108310/BraA09g057080.3C/Bo4g078490/BraA02g034880.3C/Bo8g104090/BraA06g014360.3C	15	B. napus (syn)	down-regulated
GO:0015995	chlorophyll biosynthetic process	20/2014	57/53708	8.82611614710654e-15	5.75904078598702e-13	4.94727036666761e-13	BraA09g047550.3C/BraA07g038380.3C/Bo3g009280/BraA01g009960.3C/BraA03g005840.3C/BraA03g052230.3C/Bo7g109930/BraA02g022330.3C/BraA08g035300.3C/BraA07g022590.3C/Bo8g091280/Bo6g072440/Bo6g118780/Bo1g058980/BraA01g018190.3C/BraA10g002190.3C/Bo2g082130/Bo5g003990/BraA01g022230.3C/Bo8g002560	20	B. napus (syn)	down-regulated
GO:0042549	photosystem II stabilization	10/2014	13/53708	1.38758026471033e-12	8.04796553531989e-11	6.91355781013566e-11	Bo7g118240/BraA03g000300.3C/Bo1g062650/BraA02g045720.3C/Bo9g021880/BraA01g022780.3C/Bo2g167690/BraA07g017380.3C/BraA09g009530.3C/Bo7g064820	10	B. napus (syn)	down-regulated
GO:0010258	NADH dehydrogenase complex (plastoquinone) assembly	8/2014	10/53708	1.62267805222553e-10	8.47037943261728e-09	7.27643000261134e-09	BraA07g038600.3C/BraA03g049570.3C/Bo3g018860/Bo3g153110/Bo6g119060/Bo7g107430/BraA01g012160.3C/Bo6g112350	8	B. napus (syn)	down-regulated
GO:0007623	circadian rhythm	21/2014	104/53708	2.64285106774153e-10	1.25415296123734e-08	1.07737277976832e-08	BraA07g021770.3C/Bo1g157540/Bo6g068060/BraA06g028400.3C/Bo5g133500/BraA03g000530.3C/Bo3g100720/Bo4g108180/BraA05g034600.3C/BraA09g000760.3C/BraA02g029160.3C/Bo2g111870/BraA07g023180.3C/Bo3g064890/Bo1g070980/BraA05g037110.3C/BraA10g030220.3C/BraA01g025080.3C/BraA03g035250.3C/Bo9g175040/BraA04g030060.3C	21	B. napus (syn)	down-regulated
GO:0010411	xyloglucan metabolic process	21/2014	113/53708	1.31523342214782e-09	5.72126538634302e-08	4.91481963013133e-08	BraA02g035180.3C/BraA03g055650.3C/Bo9g006380/BraA03g028660.3C/BraA01g007420.3C/Bo7g114380/Bo5g014850/BraA09g001170.3C/Bo7g118760/Bo3g049920/BraA06g008170.3C/Bo3g031320/BraA07g009370.3C/BraA06g029240.3C/Bo8g036840/Bo3g097760/Bo6g110870/BraA03g061080.3C/Bo7g039110/BraA08g009760.3C/Bo3g086850	21	B. napus (syn)	down-regulated
GO:0009638	phototropism	11/2014	35/53708	3.64367489234923e-08	1.46307561062023e-06	1.2568465620573e-06	Bo9g181860/Bo5g019390/Bo3g024700/Bo3g101420/Bo2g136630/Bo9g181340/BraA08g028550.3C/Bo8g065980/BraA02g035880.3C/Bo7g080840/BraA06g039540.3C	11	B. napus (syn)	down-regulated
GO:0045490	pectin catabolic process	37/2014	366/53708	6.10278042057378e-08	2.27546527109965e-06	1.95472515726649e-06	Bo9g177520/Bo3g110770/BraA08g020320.3C/Bo1g141540/BraA09g004370.3C/BraA10g020660.3C/Bo9g009650/Bo5g141950/BraA02g008390.3C/Bo8g050440/BraA09g008350.3C/BraA10g003210.3C/BraA02g014640.3C/BraA09g049100.3C/BraA03g036380.3C/Bo3g005250/BraA09g061290.3C/Bo8g093010/BraA06g024960.3C/Bo9g111140/Bo3g170870/Bo5g004810/BraA06g001110.3C/BraA04g002530.3C/Bo2g018310/BraA06g026790.3C/BraA08g016700.3C/Bo7g038740/BraA08g034730.3C/Bo3g066100/BraA09g064480.3C/Bo8g093020/Bo7g109750/Bo9g017560/BraA01g015530.3C/BraA05g038610.3C/Bo8g082560	37	B. napus (syn)	down-regulated
GO:0080167	response to karrikin	23/2014	166/53708	7.36837419858259e-08	2.56419422110674e-06	2.20275607620785e-06	BraA02g022450.3C/Bo2g082290/BraA05g018680.3C/Bo3g153430/Bo5g114100/Bo7g014780/BraA07g003790.3C/BraA06g002990.3C/Bo3g004650/Bo3g019140/Bo9g133520/Bo4g184720/Bo9g176370/BraA03g003270.3C/Bo7g118550/Bo2g007190/Bo7g089280/Bo2g012470/BraA06g035550.3C/Bo5g002570/BraA02g015790.3C/BraA03g002450.3C/BraA02g005940.3C	23	B. napus (syn)	down-regulated
GO:0042546	cell wall biogenesis	20/2014	147/53708	6.86700234106224e-07	2.24035951377156e-05	1.92456776137666e-05	BraA02g035180.3C/BraA03g055650.3C/Bo9g006380/BraA03g028660.3C/BraA01g007420.3C/Bo7g114380/Bo5g014850/BraA09g001170.3C/Bo7g118760/Bo3g049920/BraA06g008170.3C/Bo3g031320/BraA07g009370.3C/BraA06g029240.3C/Bo8g036840/Bo3g097760/BraA03g061080.3C/Bo7g039110/BraA08g009760.3C/Bo3g086850	20	B. napus (syn)	down-regulated
GO:0090376	seed trichome differentiation	6/2014	11/53708	1.08395444638131e-06	3.32837777065321e-05	2.85922349324111e-05	BraA03g002510.3C/BraA05g035210.3C/BraA08g024310.3C/BraA04g025490.3C/BraA04g007020.3C/Bo3g143410	6	B. napus (syn)	down-regulated
GO:0015977	carbon fixation	11/2014	48/53708	1.25964016914846e-06	3.65295649053054e-05	3.13805094770318e-05	Bo4g191690/BraA05g003030.3C/BraA04g011050.3C/Bo4g137200/BraA07g019510.3C/BraA04g014860.3C/Bo4g137140/Bo6g018460/Bo4g144000/BraA03g036720.3C/Bo6g059930	11	B. napus (syn)	down-regulated
GO:0019464	glycine decarboxylation via glycine cleavage system	6/2014	14/53708	6.39234935629541e-06	0.000175621387578221	0.000150866527744147	BraA09g032660.3C/Bo8g028680/BraA05g010040.3C/BraA05g009850.3C/BraA08g008590.3C/Bo4g038690	6	B. napus (syn)	down-regulated
GO:0009637	response to blue light	8/2014	32/53708	1.81170703925513e-05	0.000472855537245588	0.000406203788801413	Bo3g044670/Bo8g024310/Bo6g029260/Bo6g101320/Bo2g001220/Bo5g139650/BraA07g032410.3C/Bo8g068320	8	B. napus (syn)	down-regulated
GO:0016311	dephosphorylation	28/2014	321/53708	3.66117799942941e-05	0.000892147086612807	0.000766393746515539	Bo3g179590/BraA04g007050.3C/Bo4g149380/Bo8g090220/BraA04g016190.3C/Bo7g052820/BraA09g046560.3C/BraA08g022190.3C/BraA09g044960.3C/BraA04g004360.3C/BraA01g000660.3C/Bo9g059510/BraA04g005700.3C/Bo2g093190/Bo4g120250/Bo7g050420/Bo8g083330/Bo9g173440/BraA04g009980.3C/Bo4g115460/Bo6g069840/BraA04g005510.3C/Bo3g091310/Bo4g120270/Bo4g136170/BraA06g043410.3C/BraA09g020180.3C/Bo7g066960	28	B. napus (syn)	down-regulated
GO:0009853	photorespiration	9/2014	45/53708	3.76000687844478e-05	0.000892147086612807	0.000766393746515539	BraA04g011050.3C/Bo4g137200/BraA02g025950.3C/BraA07g019510.3C/BraA04g014860.3C/Bo4g137140/BraA07g043050.3C/Bo4g144000/Bo6g059930	9	B. napus (syn)	down-regulated
GO:0006006	glucose metabolic process	9/2014	50/53708	8.98250671731743e-05	0.00203863848106074	0.0017512804858477	Bo7g083800/Bo5g016460/BraA06g008890.3C/Bo8g030420/Bo8g107880/BraA09g060510.3C/BraA08g007230.3C/Bo8g024290/BraA09g060110.3C	9	B. napus (syn)	down-regulated
GO:0010019	chloroplast-nucleus signaling pathway	5/2014	14/53708	0.000111214336176095	0.00232215533935686	0.00199483398783227	BraA07g023890.3C/Bo6g076410/Bo8g093230/BraA09g049310.3C/Bo6g121330	5	B. napus (syn)	down-regulated
GO:0030307	positive regulation of cell growth	5/2014	14/53708	0.000111214336176095	0.00232215533935686	0.00199483398783227	BraA05g026750.3C/BraA04g023530.3C/BraA01g035560.3C/Bo3g026750/Bo5g108620	5	B. napus (syn)	down-regulated
GO:0009744	response to sucrose	13/2014	105/53708	0.000157195570270737	0.00310646992644448	0.00266859485514287	BraA02g022450.3C/Bo2g082290/BraA07g028020.3C/Bo5g022230/BraA07g041140.3C/BraA05g024640.3C/Bo6g086730/BraA07g019200.3C/Bo8g098540/BraA01g000690.3C/Bo2g012470/Bo8g024290/BraA02g005940.3C	13	B. napus (syn)	down-regulated
GO:0070932	histone H3 deacetylation	6/2014	23/53708	0.000160679478954025	0.00310646992644448	0.00266859485514287	BraA03g035390.3C/Bo3g065050/BraA05g026310.3C/BraA02g004570.3C/Bo5g106200/Bo2g011000	6	B. napus (syn)	down-regulated
GO:0009749	response to glucose	11/2014	83/53708	0.000271058234621607	0.00505329994544567	0.00434100781762423	BraA02g022450.3C/Bo2g082290/BraA07g028020.3C/BraA07g041140.3C/BraA05g024640.3C/Bo6g086730/BraA07g019200.3C/Bo8g098540/BraA01g000690.3C/Bo2g012470/BraA02g005940.3C	11	B. napus (syn)	down-regulated
GO:0009644	response to high light intensity	13/2014	112/53708	0.000300458307980228	0.00540824954364411	0.0046459251978068	BraA06g028400.3C/BraA03g042040.3C/BraA03g000530.3C/Bo3g100720/Bo9g078290/Bo9g078280/Bo8g016370/Bo2g042030/BraA09g064270.3C/BraA10g004620.3C/Bo6g051340/BraA05g037110.3C/Bo3g048680	13	B. napus (syn)	down-regulated
GO:0010274	hydrotropism	7/2014	36/53708	0.000331032541117668	0.00575996621544742	0.00494806535144304	Bo5g031990/Bo6g084780/Bo9g175050/BraA07g027330.3C/Bo9g014310/Bo7g097920/Bo7g059710	7	B. napus (syn)	down-regulated
GO:1902326	positive regulation of chlorophyll biosynthetic process	4/2014	10/53708	0.000345222760247225	0.00581310583384037	0.00499371463040129	BraA06g041320.3C/BraA01g006470.3C/Bo7g077290/Bo9g069300	4	B. napus (syn)	down-regulated
GO:0009413	response to flooding	5/2014	18/53708	0.000419861020361241	0.00684898289464274	0.00588357877216738	BraA05g026750.3C/BraA04g023530.3C/BraA01g035560.3C/Bo3g026750/Bo5g108620	5	B. napus (syn)	down-regulated
GO:0043433	negative regulation of DNA binding transcription factor activity	5/2014	19/53708	0.000552264807414328	0.00873582513546301	0.00750445958400332	BraA03g003460.3C/BraA06g030710.3C/BraA02g042560.3C/BraA09g006660.3C/BraA02g002690.3C	5	B. napus (syn)	down-regulated
GO:0010193	response to ozone	7/2014	42/53708	0.000879561807708521	0.0135038606948191	0.0116004126960938	BraA06g002680.3C/Bo5g105000/BraA05g026060.3C/Bo3g076320/BraA03g039570.3C/BraA01g032580.3C/Bo1g108330	7	B. napus (syn)	down-regulated
GO:0043155	negative regulation of photosynthesis, light reaction	4/2014	13/53708	0.00107385193190839	0.0160157345273194	0.013758223247909	Bo9g078290/Bo2g056130/Bo9g078280/Bo3g048680	4	B. napus (syn)	down-regulated
GO:0009704	de-etiolation	5/2014	22/53708	0.00113891332542888	0.01608026834863	0.0138136606503657	Bo3g153430/Bo7g098470/Bo7g097950/BraA03g043700.3C/Bo7g118550	5	B. napus (syn)	down-regulated
GO:0043086	negative regulation of catalytic activity	30/2014	435/53708	0.00114646749584826	0.01608026834863	0.0138136606503657	Bo9g177520/Bo3g110770/Bo2g164070/BraA02g027910.3C/Bo1g141540/Bo4g002390/BraA03g052350.3C/BraA09g008350.3C/BraA02g014640.3C/BraA09g023260.3C/BraA09g049100.3C/Bo2g159480/BraA03g036380.3C/Bo3g005250/BraA02g034920.3C/BraA06g004920.3C/BraA09g015600.3C/BraA09g061290.3C/Bo8g093010/BraA06g024960.3C/Bo9g111140/Bo3g170870/BraA06g001110.3C/BraA04g002530.3C/BraA06g025880.3C/BraA08g016700.3C/Bo3g066100/Bo8g093020/Bo9g036850/Bo7g056250	30	B. napus (syn)	down-regulated
GO:0009625	response to insect	7/2014	44/53708	0.00117059424760141	0.01608026834863	0.0138136606503657	BraA10g001460.3C/Bo4g130780/BraA07g041140.3C/Bo1g022000/Bo5g003400/BraA03g046040.3C/BraA01g011080.3C	7	B. napus (syn)	down-regulated
GO:0042545	cell wall modification	22/2014	286/53708	0.00128330319208109	0.0171765196478546	0.0147553889291915	Bo9g177520/Bo3g110770/Bo1g141540/BraA10g020660.3C/BraA02g008390.3C/BraA09g008350.3C/BraA02g014640.3C/BraA09g049100.3C/BraA03g036380.3C/Bo3g005250/BraA09g061290.3C/Bo8g093010/BraA06g024960.3C/Bo9g111140/Bo3g170870/BraA06g001110.3C/BraA04g002530.3C/Bo2g018310/BraA08g016700.3C/Bo3g066100/BraA09g064480.3C/Bo8g093020	22	B. napus (syn)	down-regulated
GO:0009750	response to fructose	4/2014	14/53708	0.00145890697020131	0.0190387359611271	0.0163551149817304	BraA02g022450.3C/Bo2g082290/Bo2g012470/BraA02g005940.3C	4	B. napus (syn)	down-regulated
GO:0010114	response to red light	7/2014	46/53708	0.00153210855399162	0.0193783048791652	0.0166468196784117	Bo5g123520/BraA05g030350.3C/Bo3g044670/BraA01g006470.3C/Bo2g001220/Bo5g139650/Bo8g068320	7	B. napus (syn)	down-regulated
GO:0009958	positive gravitropism	8/2014	59/53708	0.0015591739557949	0.0193783048791652	0.0166468196784117	BraA03g037000.3C/BraA08g021560.3C/BraA05g031490.3C/Bo3g153390/Bo3g066920/Bo5g126840/Bo1g006800/Bo9g172320	8	B. napus (syn)	down-regulated
GO:0010218	response to far red light	7/2014	47/53708	0.00174269851365416	0.0210518069527457	0.0180844318650326	Bo3g044670/Bo2g001220/BraA09g065870.3C/Bo5g139650/Bo5g003050/Bo8g068320/Bo8g036840	7	B. napus (syn)	down-regulated
GO:0009834	plant-type secondary cell wall biogenesis	9/2014	74/53708	0.00177448181210883	0.0210518069527457	0.0180844318650326	Bo5g004170/Bo2g083930/BraA10g002450.3C/Bo6g086310/BraA08g016650.3C/Bo6g119670/Bo3g030220/BraA09g020300.3C/Bo3g084370	9	B. napus (syn)	down-regulated
GO:0046622	positive regulation of organ growth	5/2014	25/53708	0.00209300928589121	0.0242789077163381	0.0208566539366002	BraA05g026750.3C/BraA04g023530.3C/BraA01g035560.3C/Bo3g026750/Bo5g108620	5	B. napus (syn)	down-regulated
GO:0019252	starch biosynthetic process	7/2014	50/53708	0.00251113837061231	0.0284959615099919	0.0244792893794243	BraA10g021040.3C/BraA01g005830.3C/Bo5g086820/Bo9g153930/Bo2g017800/BraA02g008040.3C/Bo7g030920	7	B. napus (syn)	down-regulated
GO:0010224	response to UV-B	9/2014	79/53708	0.00279833607782578	0.0310793921835119	0.0266985704177779	Bo7g119220/BraA06g002680.3C/Bo5g105000/BraA05g026060.3C/Bo3g076320/BraA03g039570.3C/BraA01g032580.3C/BraA09g006460.3C/Bo1g108330	9	B. napus (syn)	down-regulated
GO:0030244	cellulose biosynthetic process	11/2014	111/53708	0.00307424985729194	0.0334324671980499	0.0287199657720695	Bo9g018320/BraA09g008410.3C/Bo3g185650/Bo1g001060/Bo4g178160/Bo3g107230/Bo7g109270/Bo1g002500/BraA04g023360.3C/BraA10g001400.3C/Bo4g178170	11	B. napus (syn)	down-regulated
GO:0042752	regulation of circadian rhythm	7/2014	52/53708	0.00315250951274852	0.0335838768500965	0.0288500333497502	BraA03g003460.3C/BraA02g020650.3C/BraA06g030710.3C/BraA02g042560.3C/BraA09g006660.3C/BraA02g002690.3C/Bo8g102790	7	B. napus (syn)	down-regulated
GO:0009735	response to cytokinin	12/2014	129/53708	0.0034476240133196	0.0359931946990566	0.0309197437826137	Bo7g043720/BraA07g010650.3C/BraA09g044960.3C/Bo5g139650/Bo5g022230/BraA04g005700.3C/Bo7g097900/BraA03g043650.3C/BraA07g034050.3C/Bo4g098190/BraA05g040340.3C/Bo7g119240	12	B. napus (syn)	down-regulated
GO:0009742	brassinosteroid mediated signaling pathway	11/2014	116/53708	0.00431449211153774	0.0441600957298569	0.0379354724358117	BraA03g045210.3C/Bo7g099470/Bo5g027410/BraA06g014960.3C/Bo4g108180/Bo7g119220/BraA06g044360.3C/Bo7g080100/BraA04g030060.3C/Bo1g013180/Bo5g156520	11	B. napus (syn)	down-regulated
GO:0009733	response to auxin	40/569	236/28056	3.81557833783945e-25	9.53894584459862e-23	8.11312446572177e-23	Bo2g014260/Bo9g157550/Bo9g158570/Bo9g157520/Bo2g014140/Bo5g059730/Bo2g014130/Bo3g012900/Bo2g014230/Bo5g059790/Bo2g014180/Bo3g049940/Bo7g119560/Bo9g157560/Bo2g014190/Bo2g014200/Bo2g014250/Bo3g144130/Bo3g012870/Bo6g120210/Bo1g002200/Bo7g117030/Bo2g014270/Bo1g002190/Bo3g012930/Bo9g157540/Bo2g014170/Bo3g012890/Bo9g157510/Bo2g014210/Bo3g012950/Bo5g059740/Bo8g069770/Bo3g012920/Bo3g012910/Bo3g144120/Bo7g119580/Bo3g012880/Bo5g027860/Bo7g119570	40	B. oleracea	down-regulated
GO:0046622	positive regulation of organ growth	6/569	13/28056	1.03057582801732e-07	1.28821978502165e-05	1.09566482768157e-05	Bo4g179380/Bo3g026750/Bo1g054990/Bo5g108620/Bo3g068630/Bo5g123500	6	B. oleracea	down-regulated
GO:0009734	auxin-activated signaling pathway	15/569	187/28056	7.03631330539014e-06	0.000586359442115845	0.000498714136031161	Bo3g184550/Bo7g115680/Bo6g119670/Bo2g083930/Bo1g016790/Bo6g116850/Bo9g011160/Bo1g057630/Bo7g056420/Bo7g080100/Bo6g112590/Bo2g120690/Bo1g134710/Bo3g007450/Bo6g086310	15	B. oleracea	down-regulated
GO:0009638	phototropism	5/569	23/28056	8.38192873337436e-05	0.00523870545835897	0.00445565685300426	Bo5g019390/Bo8g065980/Bo9g181860/Bo7g080840/Bo8g068110	5	B. oleracea	down-regulated
GO:0010305	leaf vascular tissue pattern formation	5/569	30/28056	0.000315756587020319	0.015787829351016	0.0134279643322325	Bo4g035050/Bo1g057630/Bo7g080100/Bo2g120690/Bo9g172320	5	B. oleracea	down-regulated
GO:0009751	response to salicylic acid	6/569	52/28056	0.00062531659471194	0.0260548581129975	0.0221603424792652	Bo4g179380/Bo3g026750/Bo1g054990/Bo5g108620/Bo3g068630/Bo5g123500	6	B. oleracea	down-regulated
GO:0015706	nitrate transport	3/569	11/28056	0.00121257376605245	0.0433062059304446	0.0368330677808413	Bo5g126360/Bo1g123650/Bo6g027680	3	B. oleracea	down-regulated
GO:0015979	photosynthesis	17/294	100/27343	6.44064686556388e-16	9.66097029834582e-14	8.13555393544911e-14	BraA07g040540.3C/BraA02g017420.3C/BraA07g033020.3C/BraA09g047550.3C/BraA01g009960.3C/BraA04g003690.3C/BraA08g006950.3C/BraA07g038380.3C/BraA08g035300.3C/BraA08g009230.3C/BraA09g063780.3C/BraA07g022590.3C/BraA06g000430.3C/BraA07g010120.3C/BraA02g017820.3C/BraA08g002230.3C/BraA07g031170.3C	17	B. rapa	down-regulated
GO:0009765	photosynthesis, light harvesting	11/294	38/27343	1.71301673497717e-13	1.28476255123288e-11	1.08190530630137e-11	BraA03g018080.3C/BraA05g010700.3C/BraA06g037410.3C/BraA02g037860.3C/BraA10g012410.3C/BraA09g003290.3C/BraA03g041940.3C/BraA03g027230.3C/BraA06g019540.3C/BraA09g028120.3C/BraA05g010690.3C	11	B. rapa	down-regulated
GO:0018298	protein-chromophore linkage	11/294	59/27343	3.26194061522947e-11	1.63097030761473e-09	1.37344868009662e-09	BraA03g018080.3C/BraA05g010700.3C/BraA06g037410.3C/BraA02g037860.3C/BraA10g012410.3C/BraA09g003290.3C/BraA03g041940.3C/BraA03g027230.3C/BraA06g019540.3C/BraA09g028120.3C/BraA05g010690.3C	11	B. rapa	down-regulated
GO:0015995	chlorophyll biosynthetic process	8/294	30/27343	7.74310998743981e-10	2.90366624528993e-08	2.44519262761257e-08	BraA09g047550.3C/BraA01g009960.3C/BraA04g003690.3C/BraA07g038380.3C/BraA03g005840.3C/BraA08g035300.3C/BraA07g022590.3C/BraA03g052230.3C	8	B. rapa	down-regulated
GO:0007623	circadian rhythm	8/294	44/27343	2.05786464770173e-08	6.17359394310519e-07	5.19881595208858e-07	BraA07g021770.3C/BraA01g044560.3C/BraA03g000530.3C/BraA10g030220.3C/BraA05g034600.3C/BraA05g037110.3C/BraA03g035250.3C/BraA06g028400.3C	8	B. rapa	down-regulated
GO:0009733	response to auxin	10/294	197/27343	5.83034275257021e-05	0.00145758568814255	0.00122744057948846	BraA10g022060.3C/BraA10g022120.3C/BraA10g022110.3C/BraA06g044690.3C/BraA03g008250.3C/BraA03g008290.3C/BraA02g007500.3C/BraA01g000130.3C/BraA03g008280.3C/BraA10g022080.3C	10	B. rapa	down-regulated
GO:0009644	response to high light intensity	5/294	50/27343	0.000198083404734885	0.0042446443871761	0.00357443737867461	BraA03g000530.3C/BraA03g042040.3C/BraA05g037110.3C/BraA03g028050.3C/BraA06g028400.3C	5	B. rapa	down-regulated
GO:0009773	photosynthetic electron transport in photosystem I	3/294	13/27343	0.000324896618874689	0.00609181160390041	0.00512994661381087	BraA03g042040.3C/BraA09g044960.3C/BraA04g005700.3C	3	B. rapa	down-regulated
GO:0006006	glucose metabolic process	3/294	25/27343	0.00237504718699825	0.0395841197833042	0.033333995606993	BraA06g008890.3C/BraA08g007230.3C/BraA09g060510.3C	3	B. rapa	down-regulated
GO:0019252	starch biosynthetic process	3/294	27/27343	0.00297296774436251	0.0445945161654376	0.0375532767708948	BraA10g021040.3C/BraA01g005830.3C/BraA02g008040.3C	3	B. rapa	down-regulated
